:020000040800F2
:10000000C05100209D0100080F780008DD5700084E
:100010000D78000851160008F1A500080000000046
:100020000000000000000000000000006D830008D8
:10003000ED220008000000004582000879830008D6
:10004000B7010008B7010008B7010008B7010008B0
:10005000B7010008B7010008B7010008B7010008A0
:10006000B7010008EF220008F5220008B7010008D8
:1000700041200008B7010008B7010008B7010008D7
:10008000B7010008B7010008B70100086D160008A5
:100090005516000861160008B7010008FB22000889
:1000A00021840008B70100083D840008B70100085A
:1000B000B7010008B7010008B7010008B701000840
:1000C000B7010008B7010008B7010008B701000830
:1000D000B7010008A58A0008B7010008B18A000826
:1000E000B7010008B7010008B701000865840008DF
:1000F0009D84000881840008B7010008B70100084A
:10010000B7010008B7010008B7010008B7010008EF
:10011000B7010008B701000859840008B7010008BA
:10012000B70100084D20000859200008652000088C
:10013000B7010008B7010008B701000891160008D0
:100140007916000885160008B7010008497A0008EA
:10015000B7010008712000087D200008C58A00084A
:10016000B7010008B7010008B7010008B70100088F
:10017000B7010008B7010008B7010008000000003F
:10018000B7010008B7010008DFF80CD001F028F82B
:100190000048004729B90008C051002006488047A0
:1001A00006480047FEE7FEE7FEE7FEE7FEE7FEE75C
:1001B000FEE7FEE7FEE7FEE711840008890100087C
:1001C0009FED1A1AF5EE000A40EE010ABDEEE00AB4
:1001D000F5EEC00A10EE100AF1EE10FA38BF401E1C
:1001E00000EE100A1349F7EE001AB8EEC00A30EE1E
:1001F000C00ADFED0F0A20EE200AFCEEC00A10EE66
:10020000900AC0F3080000EE900A01EB8000F8EEBF
:10021000600A90ED011A70EE600A90ED000A71EE2E
:10022000E01A21EE800A00EE810A704783F9223E2F
:1002300000000044B0CC0008B5EEC00AF1EE10FAA0
:1002400007D2DFED1E0AB4EEE00AF1EE10FAA8BF05
:100250007047DFED1B0AB5EEC00A60EE200ABDEE66
:10026000E01A11EE100AF1EE10FA38BF401E00EE4F
:10027000100A1549F7EE001AB8EEC00A30EEC00AAF
:10028000DFED100A60EE200ABCEEE00A10EE100A64
:10029000C0F3080000EE100A01EB8000B8EE400A3F
:1002A00090ED011A70EEC00A90ED000A71EEE01AAE
:1002B00021EE800A00EE810A70470000CD024CB4A6
:1002C00083F9223E00000044B0CC000870B40588D9
:1002D0000E884468D1F804C05368B54208D14088FC
:1002E0004988884201BF11888D425188884203D0D5
:1002F00070BC6FF00200704705FB00F1880827D042
:1003000094ED001ADCED000A94ED010ADCED011A0F
:1003100031EE201AD4ED020A70EE211A9CED020A89
:1003200083ED001AC3ED011A94ED031ADCED031AF4
:1003300030EE800A401E71EE210A83ED020A04F1BC
:100340001004C3ED030A03F110030CF1100CD7D114
:1003500011F0030030D0B0F1004F30D200282BDD77
:10036000211F1B1FACF1040210F0010F0AD091ED08
:10037000010AD2ED010A091D121D30EE200A83ED9B
:10038000010A1B1D400817D091ED010AD2ED010AA8
:10039000401E30EE200A83ED010A91ED020AD2EDF3
:1003A000020A01F1080102F1080230EE200A83ED91
:1003B000020A03F10803E7D170BC00207047B4ECD7
:1003C000010A401EFCEC010A30EE200AA3EC010AEF
:1003D000F5D1F1E701804280436070472DE9F34F8A
:1003E00084B0049840680090486801900498B0F880
:1003F00000E04588DFEDFE0A00200290B0EE600AC2
:10040000AE4506D108884988884204BF71468645B2
:1004100004D06FF0020006B0BDE8F08F01985FEAEB
:10042000010C18BFB7EE001A3DD000BFBEEB0C01A7
:1004300017D0B1F1004F80F01F82002911DD021F9B
:1004400011F0010F1CBFC2ED010A121D4B1006D0A6
:10045000C2ED010AC2ED020A08325B1EF8D100EBC0
:100460008100BCF10102A0EC011A19D0B2F1004FD9
:1004700080F00882002A13DD031F12F0010F1CBF59
:10048000C3ED010A1B1D511008D000BFC3ED010AC6
:10049000C3ED020A491E03F10803F7D100EB820005
:1004A000BCF1010CC2D14FF000080395002D14BF20
:1004B000B0EE602A002000F0BF8100BF009908FB69
:1004C00005F001EB800B0199DBED002A01EB8000C8
:1004D0000346F0EE421AC64552D9AEEB0802ABEB2A
:1004E000850112F0010F17D001EB850191ED000A93
:1004F000B5EEC00AF1EE10FA07DDB4EEE10AF1EE56
:1005000010FA09DDF0EE401A06E0B1EE400AF4EE12
:10051000C01AF1EE10FAF5D3521031D001EB850C70
:100520009CED000AB5EEC00AF1EE10FA05DDB4EE5E
:10053000E10AF1EE10FA09DD06E0B1EE400AF4EE50
:10054000C01AF1EE10FA01D2F0EE401A01EBC5012B
:1005500091ED000AB5EEC00AF1EE10FA05DDB4EE39
:10056000E10AF1EE10FA09DD06E0B1EE400AF4EE20
:10057000C01AF1EE10FA01D2F0EE401A521ECDD19F
:10058000F5EEC01AF1EE10FA00F07381F5EEC02A14
:100590000126F1EE10FA0099D4BFB1EE620AB0EE76
:1005A000620AB4EE610AF1EE10FA1CBFAEEB08026B
:1005B000B2F1010C47D005FB08F201EB820292ED8B
:1005C000001A00BFB0EE410A05FB06F4B5EEC00A02
:1005D00000EB8404F1EE10FACCBFF0EE400AF1EE2D
:1005E000400AF4EE610AF1EE10FA28D1B5EB080CDE
:1005F00011D0BCF1004F7DD2BCF1000F0BDD00BF6C
:1006000092ED000AD1ED000ABCF1010CE2EC010A06
:10061000A1EC010AF4D129000ED0B1F1004F6AD249
:10062000002909DD94ED000AD0ED000A491EE4EC32
:10063000010AA0EC010AF5D1012002900BE0761C22
:10064000BCF1010CBED10298012804D0F5EEC02AFD
:10065000F1EE10FA7ED09BED000AB5EB08009A4649
:100660005946064622D0B0F1004F74D200281DDD55
:10067000091F10F0010F06D0F0EE400A80EEA01A1C
:1006800081ED011A091D401010D000BFD1ED010A03
:10069000401E80EE801A81ED011A91ED021AC1EE22
:1006A000000AC1ED020A01F10801EFD1280026D0AD
:1006B000B0F1004F7ED2002821DDAAF1040110F034
:1006C000010F06D0D1ED010A80EE801A81ED011AEA
:1006D000091D401013D000BFD1ED010A401E80EE6D
:1006E000801A81ED011AD1ED020A80EE801A81EDA7
:1006F000021A01E0CBE0D6E001F10801ECD1DDE91E
:1007000000124FF000095FEA0E0773D0C14504BF25
:1007100001EB860102EB850274D091ED000ADC4604
:100720005046331E35D01C46B6F1004F7ED2002C09
:100730002FDD0B1FABF1040C16F0010F0FD0F0EE04
:10074000400ADCED011AB0EE601A00EEE11A83ED0A
:10075000011A01E08DE0B1E01B1D0CF1040C7410D6
:1007600015D000BFD3ED010A9CED011A40EE410AFD
:10077000C3ED010AD3ED020A9CED021A0CF1080C3C
:1007800040EE410AC3ED020A0833641EEAD101EBD0
:1007900086012B0036D0B3F1004F72D2002B31DD31
:1007A000A2F1040CAAF1040013F0010F0CD0DCED4F
:1007B000010A00E08BE090ED011A001D40EE410AB5
:1007C000CCED010A0CF1040C5C1019D0DCED010A2F
:1007D00090ED011A40EE410ACCED010ADCED020A6F
:1007E00090ED021A083040EE410ACCED020A03E017
:1007F000000000000DE005E0641E0CF1080CE5D1DE
:1008000002EB830201EB88017F1E09F101097FF4ED
:100810007DAF009808F10108001D00900398401E6C
:1008200003907FF44BAE0299012900E058E004BF29
:1008300006B0BDE8F08F00BFB5EEC00AF1EE10FAC9
:100840007FF4E9AD04990EFB05F3002B4A684FF0E5
:1008500000010BD902EB810C9CED000AB5EEC00A39
:10086000F1EE10FA02D1491C8B42F3D88B427FF48F
:10087000D2AD6FF00400CEE5E0EC010A491EFBD1D9
:10088000EFE538E0E0EC010A521EFBD108E692EDFC
:10089000000AD1ED000ABCF1010CE2EC010AA1EC66
:1008A000010AF4D1B7E694ED000AD0ED000A491E22
:1008B000E4EC010AA0EC010AF5D1BDE6D1ED000A95
:1008C000401E80EE801AA1EC011AF7D1EEE6D3EDBE
:1008D000000A401E80EE801AA3EC011AF7D10EE741
:1008E000BCEC011AD1ED000A5B1E40EE410AE1ECBE
:1008F000010AF5D14DE7B0EC011AD2ED000A5B1EFA
:1009000040EE410AE2EC010AF5D17BE72DE9F04F18
:1009100082B0466853680193058847884B88002059
:1009200000900888874201BFB2F800C06545528830
:1009300093421EBF6FF0020002B0BDE8F08F9FED42
:10094000412A4FEA970EC7F3400B00BFDDE90002D2
:1009500002EB800A4A6898464FF00009B0EE420A5E
:10096000B4465FEA0E0025D092ED001ADCED001AC5
:1009700002EB8302DCED010A01EE810A92ED001A1E
:1009800002EB8302401ED2ED001A02EB830200EE5E
:10099000810A9CED021ADCED030A00040CF1100C34
:1009A000000C01EE210A92ED001A02EB830200EE28
:1009B000810AD9D117F0030026D0ACF10404A2EBD0
:1009C000830210F0010F08D002EB8302D4ED010A7C
:1009D00092ED001A241D00EE810A5FEA0B0013D08D
:1009E00002EB830CD4ED010A9CED001A02EBC3026A
:1009F000401E00EE810AD4ED020A92ED001A04F1C5
:100A0000080400EE810AEBD109F10100AAEC010A09
:100A10001FFA80F9486800EB8902A8F101001FFA6B
:100A200080F8B8F1000F99D1009806EB87061844BA
:100A300080B20090681E05042D0C87D102B0002002
:100A4000BDE8F08F0000000070B405880E8844688F
:100A5000D1F804C05368B54208D14088498888421B
:100A600001BF11888D425188884203D070BC6FF05D
:100A70000200704705FB00F1880827D094ED001AAA
:100A8000DCED000A94ED010ADCED011A31EE601A8A
:100A9000D4ED020A70EE611A9CED020A83ED001A91
:100AA000C3ED011A94ED031ADCED031A30EEC00A0F
:100AB000401E71EE610A83ED020A04F11004C3EDD9
:100AC000030A03F110030CF1100CD7D111F003004D
:100AD00030D0B0F1004F30D200282BDD211F1B1F7A
:100AE000ACF1040210F0010F0AD091ED010AD2ED31
:100AF000010A091D121D30EE600A83ED010A1B1D5B
:100B0000400817D091ED010AD2ED010A401E30EEE7
:100B1000600A83ED010A91ED020AD2ED020A01F1A9
:100B2000080102F1080230EE600A83ED020A03F1C7
:100B30000803E7D170BC00207047B4EC010A401EE6
:100B4000FCEC010A30EE600AA3EC010AF5D1F1E7F2
:100B50002DE9F04F02884768B0F802804888D1F844
:100B6000049082B04FF0000A1646824207BF0988FF
:100B700088456FF0020002B018BFBDE8F08F4FEA61
:100B8000980B02EB42000190C8F34000CDF8000042
:100B900009EB8A01BBF1000F33D0019801EB820C05
:100BA00001EB80043B46E64601EBC2054FEA0B0031
:100BB00093ED000A401E81ED000A93ED010A01EB5E
:100BC00002118CED000A93ED020A0CEB021C85ED7C
:100BD000000A93ED030A05EB021584ED000A04EB0D
:100BE000021403F11003E3D10EEB820000EB82004C
:100BF00000EB8201ABF10100504307EB0B1701EB57
:100C0000001118F0030C21D03B1FA1EB82011CF056
:100C1000010F06D093ED010A01EB82011B1D81ED4E
:100C2000000A009880B100BF93ED010A01EB820435
:100C300001EBC20184ED000A93ED020A401E81ED32
:100C4000000A03F10803EFD107EB8C070AF101005A
:100C50001FFA80FA701E0604360C99D102B00020EB
:100C6000BDE8F08F2DE9F05F0546002092469B46D7
:100C700088460646814640241BE0284641464746B2
:100C8000224600F0DEF953465A46C01A914110D36D
:100C900011461846224600F0C5F92D1A67EB0108E7
:100CA0004F4622460120002100F0BCF917EB000955
:100CB0004E41201EA4F10104DFDC484631462A469D
:100CC0004346BDE8F09F40EA01039B0703D009E0DB
:100CD00008C9121F08C0042AFAD203E011F8013B28
:100CE00000F8013B521EF9D27047D2B201E000F881
:100CF000012B491EFBD270470022F6E710B51346C0
:100D00000A4604461946FFF7F0FF204610BD2DE9BC
:100D1000FE4F804681EA0300C00F0C46009021F090
:100D2000004123F00045B8EB0200A94105D240463E
:100D3000214690461C460B46024623F000401043D5
:100D400047D0270DC7F30A00C3F30A510290401A97
:100D5000019040286BDAC3F3130040F4801B009825
:100D6000924620B10023D2EB030A63EB0B0B0198F0
:100D70005946C0F14002504600F054F906460D466F
:100D800050465946019A00F06CF910EB0800614199
:100D9000002487EA115284EAE7731A4340D0009A8C
:100DA00062B3019A012A4FEA075215DC001B61EB7E
:100DB00002014FF0004202EA0752CDE90042001C56
:100DC00041F5801132462B4600F0A3F903B0BDE88F
:100DD000F08F40462146F9E7001B61EB0201001C41
:100DE00041F5801300185B412018A2F5001747EB6E
:100DF000030140EAD570B6196D4111E06D084FEA64
:100E0000360645EAC0754FEA0752001B61EB020146
:100E1000001C41F5801149084FEA3000001951418A
:100E200032462B4603B0BDE8F04F00F063B900989E
:100E3000012240000023D0EB020263EBE073009834
:100E400021464FEAE074B8EB000061EB0401E9E7EA
:100E500083F000435BE781F0004158E72DE9FE4F46
:100E600081EA030404F0004421F0004100944FF0B3
:100E7000000B23F0004350EA01045ED052EA030461
:100E80005BD0C3F30A54C1F30A552C44A4F2F334E3
:100E90000194A0FB0254C1F3130141F48011C3F388
:100EA000130343F4801301FB024400FB034E840A46
:100EB000970A44EA815447EA8357A4FB07680295DE
:100EC0008D0A05FB07854FEA932C04FB0C5427057C
:100ED000029D4FEA065847EA1637B5EB08056EEB58
:100EE000070C870E920E47EA811742EA8312A7FB8E
:100EF0000201B6EB0B0164EB00042B0D43EA0C334B
:100F00005E1844EB1C50DA465146E7FB0201C5F37C
:100F100013044FEA0B3343EA14534FEA0432019CA3
:100F200043EA0603A4F10C040294009CCDE900B44A
:100F300000F0EFF803B0BDE8F08F00200146F9E7BC
:100F40000EB5C10F80EAE0700844CA07002140F2E4
:100F500033438DE80E000A460B4600F0DAF803B082
:100F600000BDC1F30A5210B5C1F3130140F2FF33C3
:100F700041F480119A4201DA002010BD40F233435F
:100F80009A42A2F2334203DC524200F05AF810BDFA
:100F9000904010BD00F0004230F000400AD0C10D7A
:100FA00001F56071C0F3160042EA0151C208400722
:100FB00011437047002001467047000030B5041E01
:100FC00071F1000404DB4FF00044404264EB010186
:100FD000141E73F1000405DB1C464FF0004352421F
:100FE00063EB04038B4208BF824230BD01F0004333
:100FF00030B421F0004150EA010206D00A0DA2F5FA
:101000006072C1F31301002A02DC30BC002070477B
:10101000440F44EAC104C100E01830BC00EBC250E8
:1010200000F031B8202A04DB203A00FA02F1002057
:1010300070479140C2F1200320FA03F31943904016
:101040007047202A04DB203A21FA02F00021704781
:1010500021FA02F3D040C2F1200291400843194620
:101060007047202A06DBCB17203A41FA02F043EA08
:10107000E07306E041FA02F3D040C2F12002914051
:101080000843194670470029A8BF7047401C490013
:1010900008BF20F00100704710B4B0FA80FC00FADD
:1010A0000CF050EA010404BF10BC704749B1CCF108
:1010B000200421FA04F411FA0CF118BF0121214394
:1010C0000843A3EB0C01CB1D4FEA00614FEA10204F
:1010D00042BF002010BC704700EBC35010440029F1
:1010E000A4BF10BC7047401C490008BF20F001009D
:1010F00010BC704710B5141E73F1000408DA401CD0
:1011000041F1000192185B411A4301D120F0010026
:1011100010BD2DE9F04D92469B4611B1B1FA81F216
:1011200002E0B0FA80F220329046FFF77BFF0446DF
:101130000F4640EA0A0041EA0B0153465A4608436B
:1011400013D0114653EA010019D0C8F140025046AD
:10115000FFF777FF05460E46504659464246FFF7D1
:1011600061FF084305D0012004E020463946BDE870
:10117000F08D0020054346EAE0762C4337430A9879
:101180006305E40AA0EB08000022FD0A44EA475484
:101190000A3002D500200146E9E70105101969412E
:1011A000DDE9084500196941BDE8F04DA2E70000FE
:1011B00030B5041E71F1000404DB4FF000444042DE
:1011C00064EB0101141E73F1000405DB1C464FF0B3
:1011D0000043524263EB0403994208BF904230BD82
:1011E000064C074D06E0E06840F0010394E8070074
:1011F00098471034AC42F6D3FEF7CAFFB4D40008C7
:10120000D4D4000870B58C1810F8015B15F00703F2
:1012100001D110F8013B2A1106D110F8012B03E08F
:1012200010F8016B01F8016B5B1EF9D12B0705D497
:101230000023521E0DD401F8013BFAE710F8013BE0
:10124000CB1A921C03E013F8015B01F8015B521EFC
:10125000F9D5A142D8D3002070BD00000122102191
:10126000014802F00FB800000000024000221021E7
:10127000014802F007B800000000024001221146B8
:10128000014801F0FFBF00000004024000220121DC
:10129000014801F0F7BF00000004024010B5044609
:1012A000A82000F0B5FF0121044800F0E3F8002871
:1012B000F9D105F09DF90248046710BD0C0E00201D
:1012C000D830002005F0F0B970B50546FFF7CEFF25
:1012D000922000F02DF906226549122000F00AF94B
:1012E000FFF7BCFF624CA4F11C0660782178000275
:1012F00000B2084300EE100AD6ED030AB8EEC00AA9
:1013000060EE200A95ED080A60EE800AC5ED000A3D
:10131000E078A178000200B2084300EE900A96ED52
:10132000031AF8EEE00A60EE810A60EE800AC5ED6D
:10133000010A60792179000200B2084300EE900AA8
:101340003081F8EEE00A60EE810A20EE800A85ED39
:10135000020AFFF79BFF08222146002000F0CAF88E
:10136000FFF78CFF20780F285AD1F078A178002859
:10137000E0784FEA002000B240EA01002BD000EEF6
:10138000100AD5ED090AB8EEC01A96ED040A51EE1E
:10139000000AC5ED030A60792179000200B2084312
:1013A00000EE900A95ED0A1AF8EEE00A10EE801AA7
:1013B00085ED041AE079A179000200B2084300EE3D
:1013C000900A308195ED0B1AF8EEE00A10EE801AC3
:1013D00085ED051A24E000EE100AF8EEC00A96ED3D
:1013E000040A60EE800AC5ED030A607921790002E3
:1013F00000B2084300EE900AF8EEE00A60EE800AC0
:10140000C5ED040AE079A179000200B2084300EEBC
:10141000900A3081F8EEE00A20EE800A85ED050A98
:10142000FFF724FFA22000F083F8022210492220B7
:1014300000F060F8FFF712FF20786178C00040EA02
:1014400051103081B0F5806F02DBA0F50060308173
:10145000B6F90800B4EE001A00EE100AF8EEC00A61
:10146000B3EE070A00EE810A85ED070A70BD0000A1
:101470001003002070B50D461649174C0860002077
:10148000A07009F0C3FCA1780843A07009F052FDD8
:10149000A1780843A0701DB1104800F063F916E070
:1014A0000E489FED0F0A80ED090A9FED0E0A80EDB0
:1014B0000A0A80ED0B0A9FED0C0A80ED0C0A9FEDE5
:1014C0000B0A80ED080A9FED0A0A80ED060AA07853
:1014D00070BD00003C030020F4020020E433002033
:1014E000AC38223BB016CE393F161B41C48B813F2E
:1014F0000000204270B514460D4640F0800000F018
:1015000017F806E0552000F013F8641E05F8010BEB
:10151000E4B2002CF6D170BD10B50C4640F080004E
:1015200000F006F8552000F003F8207010BD000010
:1015300001B582B04FF47A7000900548012301AAEA
:1015400002A9006802F0E6FF9DF804000EBD00004D
:101550003C03002010B50C46FFF7EAFF2046BDE82B
:101560001040FFF7E5BFB6EE000AD2ED020AF0EE3A
:10157000401A92ED031A40EEE01A90ED002AD2EDE7
:10158000012AD0ED013A22EEA03A41EE411A21EEB5
:10159000822AD2ED001A01EEC13A22EE811A01EE42
:1015A000A01A03EE232AD0ED020AF0EE001A01EE93
:1015B000202A62EE210AC1ED000A92ED011AD2ED55
:1015C000023A92ED002AD2ED030A61EE232A90ED51
:1015D000003A90ED014A42EE202A62EE832AB0EEF4
:1015E000403A01EE413A00EEE03A63EEA00A42EEE4
:1015F000410A43EE042A90ED021A40EE812A62EE7F
:10160000A10AC1ED010A92ED011AD2ED032AD2ED31
:10161000020A92ED003A21EE222A60EEA22AD0EDD3
:10162000003A01EE410A03EE602A43EE012A90EDF2
:10163000013A00EEE00A22EE232AD0ED020A02EE81
:10164000832A00EE202A22EE210A81ED020A704749
:10165000FEE70000014801F0A8B80000BC0D002022
:10166000014801F0A2B80000BC0D0020014801F0C3
:101670009CB80000BC0D0020014801F096B80000A5
:10168000E40D0020014801F090B80000E40D0020B6
:10169000014801F08AB80000E40D002000207047E6
:1016A0000020704710B500220449054807F0F4FBFC
:1016B0000449034807F0E3FB002010BD2821002067
:1016C0004C1400202819002010B504460146154886
:1016D00007F0D5FB134807F0ABFB2078124BA52889
:1016E00006D10022A05C9854521CD2B20B2AF9D326
:1016F00053F8020FDFED0D0A00EE100A0C49B1EEAF
:10170000400A10EE100A1860586800EE100A30EE19
:10171000600A10EE100A5860034808F097FF002096
:1017200010BD00004C140020F009002000003443DC
:101730005503002000207047094A10B5D2F8BC229A
:10174000D2F814220AB1012010BD0A46014604480D
:1017500007F0A2FBBDE81040014807F017BC0000ED
:101760004C1400202DE9F04F04462DED048B89B078
:1017700000200090019000F029FDED4DDFF8B4B39A
:10178000DFF8B49385ED050A02AE0DF114084FF0B1
:101790007C5A00BF00F01AFDD5ED050A30EE600A54
:1017A00010EE100A584512DD9FEDE40A84ED090A97
:1017B0009FEDE30A84ED0A0A84ED0B0A9FEDE10A2E
:1017C00084ED0C0A9FEDE00A84ED060A8BE19FEDA3
:1017D000DF0A00F0BFFC9FEDDE0A002784ED0C0A53
:1017E00084ED090A84ED0A0A84ED0B0AFBE000BFD0
:1017F000FFF73CFD9220FFF79BFE06226946122070
:10180000FFF778FEFFF72AFD9DF801009DF8001014
:10181000000200B2084300EE100AD5ED030AB8EE4C
:10182000C00A60EE201AC4ED001A9DF803009DF86E
:101830000210000200B2084300EE100A95ED031AF0
:10184000B8EEC00A60EE010AC4ED010A9DF8050079
:101850009DF80410000200B2084300EE100AB8EE32
:10186000C00A20EE011A21EEA10A84ED021A00EE50
:10187000A00A01EE010A09F07FFAB0EE408A94ED69
:101880000C0A30EE080A84ED0C0AFFF7FFFC082270
:1018900069460020FFF72EFEFFF7F0FC9DF80000E0
:1018A0000F2840D19DF803009DF80210000200B2FD
:1018B000084300EE100AD5ED040AB8EEC00A20EE87
:1018C000200A84ED030A94ED091A31EE000A84ED32
:1018D000090A9DF805009DF80410000200B20843B3
:1018E00000EE100AB8EEC00A20EE200A84ED040AC9
:1018F00094ED0A1A31EE000A84ED0A0A9DF80700F9
:101900009DF80610000200B2084300EE100AB8EE7F
:10191000C00A20EE200A84ED050AD4ED0B0A30EE51
:10192000800A84ED0B0A002F7ED0B4EEC98AF1EE56
:1019300010FA01DDB0EE489AB4EEE88AF1EE10FA42
:1019400001D2F0EE488A00204FEA080204EB800141
:1019500091ED030A06EB8001D1ED000AB4EEE00A36
:10196000F1EE10FA01DD81ED000A02EB8001D1ED0C
:10197000000AB4EEE00AF1EE10FA01D281ED000A9D
:10198000401CC0B20328E1D339EE680A0020424669
:1019900085ED060A4FEA090106EB8003D3ED000A44
:1019A00002EB800393ED001A01EB8003401C70EE04
:1019B000C10AC0B20328C3ED000AEDD310EE100A2D
:1019C000504514DC63480A68824210DC4A6882424F
:1019D0000DDCD9F80810814209DC9FED5F0A00F0A8
:1019E000B9FB7F1CBFB2E8888742FFF401AFE988EA
:1019F000D4ED0C0A00EE101A2F460020B8EE400A73
:101A000080EE801A84ED0C1A00EE101A04EB8002AE
:101A1000401CB8EE400AD2ED090AC0B2032880EE9D
:101A2000801A82ED091A00E06AE0EDD3FFF71EFC90
:101A3000A220FFF77DFD022269462220FFF75AFD12
:101A4000FFF70CFC9DF800009DF80110C00040EA73
:101A50005110B0F5806F01DBA0F5006000EE100AB8
:101A6000B4EE001AF8EEC00AB3EE070A00EE810ADF
:101A700084ED060AB888401CB880B86950453FF725
:101A800089AE94ED0C0ADFED350A30EE600AB0EE57
:101A9000C00A10EE100A5045F1DC2E48D9F80010AB
:101AA0004A468142EBDC51688142E8DCD9F80810F3
:101AB0008142E4DC94ED090A2948B0EEC00A10EE38
:101AC000101A8142DBDC94ED0A0AB0EEC00A10EE77
:101AD000101A8142D3DC94ED0B0AB0EEC00A10EE6E
:101AE000101A8142CBDC94ED0C0ADFED1E0A80EE69
:101AF000801A84ED081A09B0BDEC048BBDE8F08FA4
:101B0000B0EE489AF0EE488A0020414604EB80028D
:101B100092ED030A06EB800282ED000A01EB8002DF
:101B2000401CC0B282ED000A0328EFD32CE700006E
:101B3000F402002000002041D8330020AC38223BC2
:101B4000B016CE393F161B41000020420AD7A33BF6
:101B5000000000009A99193E6F12033ACDCC1C4147
:101B60000AD7233CC3F51C41002900D0016470470B
:101B700010F8742F12028A8243781A4492B200EE4F
:101B8000102A8A82B8EE400A81ED060A8278120293
:101B90008A81C3781A4412B200EE102A8A81B8EE04
:101BA000C00A81ED040A02791202CA8343791A44F9
:101BB00012B200EE102ACA83B8EEC00A81ED080AFC
:101BC000807981F82400704700210171704710B5B9
:101BD0000446007938B904F1440006F0E5FA04F14E
:101BE0008C0006F0E1FA0120207110BD818A828B01
:101BF000881A914202D241F6FF71084480B27047C0
:101C00002DE9F04F8BB00025DFF82CB1C2661746E6
:101C10000E4604464FF00E084FF00109AA46016037
:101C2000E80140F2012300EB431CCDF800C040F274
:101C3000022C00EB4C1CCDF804C040F2032C00EB4E
:101C40004C1CCDF808C0CDE9069A49465246CDF85D
:101C50002090022D06D000F5814003905E4503D10F
:101C6000059507E00393F9E73448864204D105F16E
:101C70000E000590CDF8248017B1012F03D005E0A8
:101C80000220049201E0102004912067694630464A
:101C900000F074FC6D1CEDB2032DC1D343F6E0716E
:101CA0000091CDF820904FF4804145F6E072CDE9E7
:101CB0000112CDE9069A4846554603915E4501D189
:101CC000042103E01D498E4203D11121CDF8248067
:101CD000059117B1012F03D005E00220049501E022
:101CE0000490102020676946304600F047FC3046DB
:101CF000216F00F0D2FB304600F0ACFF08208101DC
:101D00002561A160C4E90550491EA5622162C4E9AC
:101D10000B502564C4E9115040F2FF20A06300205D
:101D200004EB8001401CC0B2C1F894500B28F7D3DB
:101D30000BB0BDE8F08F0000BC0D0020E40D0020CA
:101D400010B5029C0160427183718483002181631C
:101D50008162C0F8D410C0F8D810C0F8E010C0F804
:101D6000E41010BD31B10A6800EB8202A2F5805286
:101D7000C2F89018AFF3008070B500258580294621
:101D80002C462B464FEA050200EB8106D6F89460FC
:101D900016B136783444E4B2491CC9B20429F3D3ED
:101DA00014B105F5807585805FF0040100EB8104B6
:101DB000D4F8944014B124782344DBB2491CC9B24E
:101DC0000829F3D313B1A9B2103181805FF0080163
:101DD00000EB8103D3F8943013B11B781A44D2B2CC
:101DE000491CC9B20B29F3D3002A02D08188491CAF
:101DF000818070BD70B506465FF0000506EB850476
:101E0000D4F89400F0B3017979B1816A21B188479F
:101E1000D4F8940080ED0B0AD4F89400817939B19C
:101E2000012915D002293BD134E00022014649E0C6
:101E3000D0F8D810D1ED000AD0F8D410443091ED8C
:101E4000000A06F01DF9D4F8940080ED370A27E067
:101E5000D0F8D810D1ED000AD0F8D410443091ED6C
:101E6000000A06F00DF954F8940F80ED370A206847
:101E7000D0F8E410D1ED000AD0F8E0108C3091EDEC
:101E8000000A00E021E006F0FBF854F8940980ED28
:101E90003A0A05E0016B8847D4F8940080ED0D0AFA
:101EA000D4F89400816B21B18847D4F8940080ED78
:101EB0000F0A54F8940F006C90ED000A09F005FC2D
:101EC00021680246304600F096F86D1CEDB20B2DED
:101ED00094D370BDF0B40C46DDE9047600F14405FE
:101EE00000F18C013FB1AC4201D1C0F8D4708C42FA
:101EF00001D1C0F8E0703EB1AC4201D1C0F8D86069
:101F00008C4201D1C0F8E460002B06D093EC050AA6
:101F100020461146F0BC09F0D7BEF0BC7047816284
:101F2000704710B50446C16E006804F1740304F1F3
:101F3000500200F0AAFB216F206800F0AEFA94F87E
:101F40005000401EC0B204EB8000D0F89410204630
:101F5000BDE81040FFF70CBE2DE9F0410446808833
:101F600004F18C0804F1380704F17C0604F1200523
:101F700004F1840204F10801B0F5807F22D006DC70
:101F8000012815D0102818D011282BD10BE0A0F56E
:101F9000807001381CD00F281FD0102822D10123B7
:101FA000206800F08CFA022332462946206811E0AE
:101FB000042342463946206806E002233246294679
:101FC000206801E020680123BDE8F04100F077BA05
:101FD0000123206800F073FAEAE70123206800F08B
:101FE0006EFAEAE7BDE8F081417909B1B1EE400A45
:101FF00080ED020A704710B50978C2F30723D2B208
:102000000C2915D2DFE801F014060606060D0D0DA9
:102010000D1515154900891EC9B2084400F8843F02
:1020200005E049000A39C9B2084400F87C3F427013
:1020300010BD49001239C9B2084400F88C3FF6E7D8
:10204000014800F095BE00002C130020014800F06C
:102050008FBE00008C130020014800F089BE0000F4
:10206000640E0020014800F083BE0000C40E002072
:10207000014800F07DBE0000EC130020014800F094
:1020800077BE0000CC12002001681823CAB2103AB3
:10209000B2FBF3F2054B6FF30901032A9B5CC365A6
:1020A00000D9091D8165084670470000CEC80008A8
:1020B00010B5014600208B698A6A4FF0C07453B195
:1020C000B3F5005F15D072B1012A0CD0022A0AD0F4
:1020D000032A09D104E01AB1012A06D0022A03D149
:1020E000C96AC90100D5012010BDC96AA142FAD050
:1020F00010BD002AF7D0012AF2D0022AF3D0032A19
:10210000F3D010BD30B50468256825F4802525601E
:10211000046863608368402B036803D0996000689B
:10212000C26030BD9A600068C16030BD074808B524
:1021300040680090014606480269914202D2C16897
:10214000491CC1600099016108BD0000001000E059
:10215000C80100200A4948680A4AD2ED000A4A68C4
:10216000121AF8EE601A01EE102AB8EE411A60EE6B
:10217000211AB4EEE11AF1EE10FAF0D37047000024
:10218000001000E0C801002000B50E492DED028BC3
:1021900081B0496800910168009A511A00EE101A46
:1021A0000949F8EE400A91ED000A0260B8EE400AD3
:1021B00080EE808AFFF7BAFF01B0B0EE480ABDECAE
:1021C000028B00BD001000E0C801002010B500F037
:1021D00043F80C489FED0C1A818890ED000A00EE40
:1021E000901AC088B8EE400AF8EE600A00EE810A44
:1021F00000EE900A9FED051AF8EE600A00EE810AE3
:1022000010BD0000F80100206F12833ABD378635FB
:102210000D490A6842F080720A600C4900224A6047
:102220000B6843F001030B6009494FF47A7348438C
:10223000B0FBF3F30749C1E90003054BB0FBF3F032
:10224000C1E9020270470000FCED00E0001000E070
:1022500040420F00C80100202DE9F84321484068A2
:102260000090FFF763FF204F0024009EF8684FF0B6
:10227000FF312546E0FB0165C7E90E65D7F8008010
:102280002346424630462946FEF7ECFCA0FB083CBC
:10229000C7E9060101FB08C100FB0411F61A65EB52
:1022A0000105C7E9086507F130080023C8F80000F8
:1022B000D7F8049030464A462946FEF7D3FC80B250
:1022C000A8F8040000FB09F0301A65EB0405C7E923
:1022D0000A0529460023BA68FEF7C4FCA8F80600E0
:1022E000BDE8F883001000E0C80100207047082016
:1022F00000F0C4BE102000F0C1BE202000F0BEBE21
:10230000B6EE000AD2ED020AF0EE401A92ED031A80
:1023100040EEE01A90ED002AD2ED012AD0ED013A0C
:1023200022EEA03A41EE411A21EE822AD2ED001AA5
:1023300001EE813A22EE811A01EEE01A03EE232A21
:10234000D0ED020AF0EE001A01EE202A62EE210A18
:10235000C1ED000A92ED011AD2ED023A92ED002A87
:10236000D2ED030A61EE232A90ED003A90ED014A86
:1023700042EE602A62EE832AB0EE403A01EE413A24
:1023800000EEE03A63EEA00A42EE010A43EE042AB0
:1023900090ED021A40EE812A62EEA10AC1ED010A17
:1023A00092ED011AD2ED032AD2ED020A92ED003A23
:1023B00021EE222A60EEA22AD0ED003A01EE410A77
:1023C00003EE202A43EE412A90ED013A00EEE00AA6
:1023D00022EE232AD0ED020A02EE832A00EE202A02
:1023E00022EE210A81ED020A704772B6FEE70A78F2
:1023F0000270B1F80120C2F30A0242808A78CB78D9
:10240000D20842EA4312C2F30A028280CA780B79E8
:10241000920942EA83024B7942EA8322C2F30A021A
:10242000C2804A798B79520842EAC312C2F30A0287
:1024300002818A79CB79120942EA0312C2F30A02B5
:102440004281CA790B7AD20942EA43024B7A42EAC4
:102450004322C2F30A0282814A7A8B7A920842EAC4
:102460008312C2F30A02C2818A7ACB7A520942EA03
:10247000C30202828A89C2F30A0242824A7B8B7BB0
:10248000D20842EA4312C2F30A028282CA7D8275EE
:10249000097EC17570470173704790F82020012AAA
:1024A00007D0022A05D0416A41F48021416201200F
:1024B0007047006842690A43426100207047F0B5E6
:1024C00090F820500468A468012D05D0022D03D097
:1024D000416A41F480214DE014F0406F01D1E500E4
:1024E00045D5C4F301640125A5401D608D684FF4F6
:1024F000C0739DB1CE6835434E6845EAC60506688F
:1025000003EB0417F5514FF4C275076805EB04158A
:102510000E697E51097D012905D009E00E88CD683C
:1025200045EA4655EBE701684E5946F480764E5130
:102530001179D2F805504FF4C67641EA05210568B5
:1025400006EB0416A9511178D2F801204FF4C47596
:1025500041EA0221026805EB04155151006803EBC2
:102560000411425842F0010242500020F0BD416A7D
:1025700041F4001141620120F0BD000010B590F857
:102580002020012A07D0022A05D0416A41F4802187
:102590004162012010BD3B48D0F8002242F0010208
:1025A000C0F80022D0F8002222F47C52C0F80022A9
:1025B000D0F800224B6A42EA0322C0F800220A7DCA
:1025C00002F01F0301229A40D0F81C329343C0F856
:1025D0001C32CB69B3B9D0F80C329343C0F80C323B
:1025E0008C894B6864F31F434C6900EBC404C4F846
:1025F00040320C890B6864F31F434C6900EBC40440
:10260000C4F84432CB69012B16D1D0F80C321343F5
:10261000C0F80C320C884B6864F31F434C6900EB24
:10262000C404C4F840320C89CB6864F31F434C697E
:1026300000EBC404C4F844328B69002BD0F8043298
:102640000ED01343C0F804320B69002BD0F81432BB
:1026500008D01343C0F81432096A012904D008E0F5
:102660009343EFE79343F5E7D0F81C121143C0F80A
:102670001C12D0F8001221F00101C0F80012002055
:1026800010BD000000640040704770B590F8204015
:10269000012C05D0022C03D0416A41F4802128E0AE
:1026A000046809B32469A40720D04FF4D8740568DE
:1026B00004EB01142D5915F00405956005682D599A
:1026C0001AD0ED08556005682C5904F00204D46056
:1026D0004FF4DA74056804EB01142E5906F00F0666
:1026E000082E0CD308250DE0E468DCE7416A41F4CC
:1026F00000114162012070BD6D0D1560E3E72D5999
:1027000005F00F05156105682D59C5F3072595617D
:1027100005682C59240C54614FF4DC72046802EBF8
:102720000112A4581C700468A458240A5C70046840
:10273000A458240C9C700468A258120EDA704FF44E
:10274000DE72046802EB0112A4581C710468A458DC
:10275000240A5C710468A458240C9C710468A25873
:10276000120EDA71006829B1016941F0200101619E
:10277000002070BDC16841F02001C160F8E7024649
:10278000002092F82010012901D002290CD11168F3
:102790008A68520100D501208A68120100D5401CC8
:1027A0008968C90000D5401C70472DE9F05F0546D7
:1027B000006800244669D0F804908768D0F80CB00F
:1027C000D0F810A0D0F81880F10748D0F90714D03D
:1027D00001218160B80703D5284600F068FA0CE0B3
:1027E000780702D54FF4006407E0380702D54FF4AC
:1027F000805402E0284600F059FAF80516D52968F9
:102800004FF480708860B80503D5284600F051FA6F
:102810000CE0780502D544F4005407E0380502D5F1
:1028200044F4804402E0284600F042FAF80316D54A
:1028300029684FF480308860B80303D5284600F03B
:102840003AFA0CE0780302D544F4004407E0380378
:1028500002D544F4803402E0284600F02BFA300719
:1028600007D55FEACB6004D52968102044F40074D2
:10287000C86070074FF0080707D55FEA0B7004D5F2
:102880002868C760284600F0B9F9B00706D528685F
:10289000C068800702D0284600F0B2F9700607D55C
:1028A0005FEACA6004D52968102044F48064086196
:1028B000B00607D55FEA0A7004D528680761284684
:1028C00000F0B8F9F00606D528680069800702D044
:1028D000284600F0B1F9B00308D55FEAC96005D514
:1028E000296810204860284600F0B2F9F00307D5A7
:1028F0005FEA097004D528684760284600F0DCF9D3
:10290000300446D55FEA497040D5F00504D55FEA4A
:10291000C87001D044F00104B00504D55FEA8870A6
:1029200001D544F00204700504D55FEA487001D572
:1029300044F00404300529D518F0700F26D008F0B3
:102940007000402815D006DC102809D020280AD0B5
:10295000302816D10AE050280ED0602811D10EE0A0
:1029600044F008040DE044F010040AE044F02004B0
:1029700007E044F0400404E044F0800401E044F443
:1029800080742868816921F07001816129680420C0
:102990004860002C05D0686A204368622846FFF72B
:1029A00073FEBDE8F09F70B5040003D094F82000DA
:1029B00010B104E0012070BD204600F081F82068CD
:1029C000016841F00101016000F062FC0546052646
:1029D00004E000F05DFC401B0A2811D82068406824
:1029E000C007F6D02068016821F00201016000F004
:1029F0004FFC05460BE000F04BFC401B0A2806D9B3
:102A0000606A40F40030606284F82060D2E7206899
:102A100040688007EFD4207E0128206801683DD0FF
:102A200021F080010160607E01282068016838D0B3
:102A300021F040010160A07E01282068016833D0A8
:102A400021F020010160E07E0128206801682ED07D
:102A500041F010010160207F01282068016829D021
:102A600021F008010160607F01282068016824D0FE
:102A700021F004010160D4E902010843D4E9041201
:102A8000114308436168491E08432168C86100205A
:102A90006062012084F82000002070BD41F08001B8
:102AA000C0E741F04001C5E741F02001CAE721F04D
:102AB0001001CFE741F00801D4E741F00401D9E764
:102AC000F0B587B0044614216846FEF715F9464B69
:102AD0004648DFF810E11968D4F800C0434A0325DE
:102AE0000226092710300024491CF44532D1196010
:102AF000012907D1016841F000710160006800F010
:102B000000700590106840F0080010601068CDE972
:102B1000005600F00800CDE9047069463448CDE95C
:102B2000024500F0B7FA00221146132000F01EFC07
:102B3000132000F00DFC00221146142000F016FCBA
:102B4000142000F005FC00221146152000F00EFCB8
:102B5000152042E0DFF89CE0F44540D1D0F800C0F9
:102B60004CF0806CC0F800C0D0F800C001290CF017
:102B7000806CCDF814C0196007D1016841F0007174
:102B80000160006800F000700590106840F00200DD
:102B90001060106802AB00F0020005906020CDE9E3
:102BA000000683E8B0006946134800F073FA00227B
:102BB00011463F2000F0DAFB3F2000F0C9FB002265
:102BC0001146402000F0D2FB402000F0C1FB002263
:102BD0001146412000F0CAFB412000F0B9FB07B0CC
:102BE000F0BD0000006400400400002030380240C6
:102BF000000C0240006800400004024070470000E2
:102C000010B504460748844202D10748FFF789F906
:102C10000648844204D1BDE810400548FFF781B959
:102C200010BD0000BC0D0020AC030020E40D00200E
:102C300044060020704700000349884202D103483F
:102C400008F094BA70470000BC0D0020180A00205C
:102C50007047000070B5044690F82000012804D0A9
:102C6000606A40F40020606218E0022084F82000CE
:102C70002068016821F00101016000F009FB0546B0
:102C80000EE000BF00F004FB401B0A2808D9606A70
:102C900040F400306062052084F82000012070BDFF
:102CA00020684068C007EDD1606270BD7047704712
:102CB000704770477047704770472DE9F0410446F0
:102CC000876D00F0E5FA064694F8350000250228E5
:102CD00006D08020606584F834500120BDE8F08182
:102CE0002068016821F0160101602068416921F027
:102CF00080014161206C08B9A06C20B12068016896
:102D000021F0080101602068016821F001010160E3
:102D10000CE000F0BDFA801B052807D92020606573
:102D2000032084F8350084F83450D7E72068006821
:102D3000C007EED194F85C103F208840B8600120B5
:102D400084F8350084F834500020C7E790F8351037
:102D5000022903D08021416501207047052180F8B8
:102D600035100068016821F0010101600020704702
:102D70002DE9F84304464FF00009CDF80090634870
:102D80004FF41651A56D0068B0FBF1F72E6894F86A
:102D90005C10082000FA01F131420FD021680A6866
:102DA00052070BD50A6822F004020A6094F85C10FE
:102DB0008840A860606D40F00100606594F85C1088
:102DC0004FF0010808FA01F0304208D02168496943
:102DD000090604D5A860606D40F00200606594F8B3
:102DE0005C1004208840304208D0216809688907B7
:102DF00004D5A860606D40F00400606594F85C1034
:102E000010208840304218D021680968090714D57D
:102E1000A86020680168490304D50068000308D54C
:102E2000A16C07E00168C90503D4016821F008011D
:102E30000160216C09B12046884794F85C1020207D
:102E40008840304231D021680968C9062DD5A86074
:102E500094F8350005282068016806D0490347D555
:102E6000006800031DD4616C1CE021F016010160B4
:102E70002068416921F080014161206C08B9A06C93
:102E800020B12068016821F00801016094F85C100D
:102E90003F208840A86084F8358084F83490216D04
:102EA0001FE0E16B09B120468847606D00282BD0F8
:102EB000606DC00714D0052084F8350020680168D3
:102EC00021F0010101600098401C0090B84203D835
:102ED00020680068C007F6D184F8358084F8349003
:102EE000E16C002910D001B02046BDE8F04308474E
:102EF0000168C905D5D4016821F01001016084F88A
:102F0000358084F83490CCE7BDE8F88314000020C5
:102F10002DE9F041044600F0BBF906465CB1022001
:102F200084F83500002584F834502068016821F0C9
:102F3000010101600DE00120BDE8F08100F0A8F979
:102F4000801B052805D920206065032084F8350002
:102F5000F2E720680068C007F0D1226811682048B5
:102F60000140D4E901031843D4E90336334318433D
:102F700063691843A3691843E3691843236A184334
:102F80000843616A042903D1D4E90B1319430843A8
:102F9000106020684069666A20F0070130460E43E1
:102FA000012704280CD1A06A0643E06A40B12046FC
:102FB000FFF77EF820B14020606584F83570BAE7ED
:102FC000206846612046FFF75FF894F85C203F21B7
:102FD00091408160656584F835700020ACE70000A1
:102FE0003F8010F02DE9F0410446866D90F83400E2
:102FF000002501280DD0012084F8340094F83570A4
:103000000020012F07D084F8340002252846BDE8AF
:10301000F0810220FBE7022784F8357060652046C6
:10302000FFF770F894F85C103F208840B06020688B
:10303000016841F016010160206C20B12068016830
:1030400041F0080101602068016841F00101016060
:10305000DCE7000070B5044600F01AF90546601C74
:1030600002D004480078044400F012F9401BA0424A
:10307000FAD370BD0800002070470000044910B565
:103080000A68024202D00860FFF7F6FF10BD000098
:10309000143C01402DE9F84FDFF8BCA100220125C6
:1030A00003264FF00F090AF1040BAAF1040E00BF2A
:1030B0000B6805FA02F42340A34270D10F7907F0A0
:1030C0000307012F01D0022F16D187684FEA42086B
:1030D00006FA08FC27EA0C07D1F80CC00CFA08FC29
:1030E0004CEA070CC0F808C04768A7430C79C4F342
:1030F000001494403C4344600C79E443A4070AD094
:10310000C4684FEA420C06FA0CF7BC438F6807FA12
:103110000CF72743C7600C7904F00304022C12D18A
:10312000D40800EB840CDCF820405707FF0E09FAA6
:1031300007F824EA0804D1F8108008FA07F848EAEA
:103140000408CCF8208004684FEA420C06FA0CF719
:10315000BC430F7907F0030707FA0CF72743076012
:103160004C6814F4403F70D03C4C276847F48047CB
:103170002760246822F0030704F480440094384C4C
:1031800007EB040CDCF8084897074FEA177809FAB0
:1031900008F7BC43334FB84202D1002724E054E083
:1031A000314FB84201D101271EE0304FB84201D162
:1031B000022719E02E4FB84201D1032714E02D4F0A
:1031C000B84201D104270FE02B4FB84201D10527A7
:1031D0000AE02A4FB84201D1062705E0284FB8423D
:1031E00001D1072700E0082707FA08F72743CCF8A2
:1031F0000878DAF800405746D1F804C09C435FEAEB
:10320000CC2C00D51C433C60DBF800405F46D1F875
:1032100004C09C435FEA8C2C00D51C433C60DEF864
:1032200000407746D1F804C09C435FEA8C3C00D54F
:103230001C433C60084F083F3C68D1F804C09C43E5
:103240005FEACC3C00D51C433C60521C102AFFF4C2
:103250002FAFBDE8F88F0000083C01404438024021
:10326000003001400000024000040240000802401B
:10327000000C0240001002400014024000180240FE
:10328000001C02400AB1816170470904FBE700009D
:1032900001488068704700000800002002488168EB
:1032A0000278114481607047080000200B4810B577
:1032B000016841F400710160016841F480610160BE
:1032C000016841F480710160032000F06FF80F2065
:1032D00000F006F800F024F8002010BD003C024089
:1032E00070B50D4D04464FF47A712878B1FBF0F0BB
:1032F0000A490968B1FBF0F001F004FA48B9102C52
:1033000007D200222146501E00F030F800206C60E9
:1033100070BD012070BD00000800002014000020D6
:103320000A4808B5016841F480410160006800F472
:10333000804000900548001F016841F08051016005
:10334000006800F08050009008BD00004438024042
:10335000002809DB00F01F02012191404009800094
:1033600000F1E020C0F8001170470000F0B40E4BEF
:103370001B680C46C3F30223C3F10705042D00D9D3
:103380000425191D072901D2002300E0DB1E0126B8
:1033900006FA05F1491E214099409E40761E1640CE
:1033A0003143F0BC07F0FFB90CED00E0064900F036
:1033B000070208684FF6FF03184040EA0220034A5C
:1033C00010430860704700000CED00E00000FA05B3
:1033D00070470068416200207047F0B50368586A82
:1033E00039B19C6A4FF4827600EB144400204D1EE4
:1033F0000AE040EA024098620FE006EB8007DF59DE
:10340000401C04EB1744C0B2A842F6D344EA024081
:103410004FF4807202EB810158500020F0BDD0F8CB
:10342000E00406F046B801EBC10200EB8202D0F8DE
:10343000E004126A05F09BBF01EBC10200EB8202BF
:10344000D0F8E004D2F8602205F0ECBFD0F8E00438
:1034500006F031B80A0601F00F0101EBC10100EBE3
:10346000810101D5143101E001F51571006806F004
:103470000DBF70B504460B0601F00F0000EBC00154
:1034800004EB81014FF001024FF0000502D54A75AF
:10349000143103E081F8555201F51571087094F864
:1034A0009404012808D084F89424206806F008FCCD
:1034B00084F89454002070BD022070BD70B504469D
:1034C00001F00F002279904201D9012070BD0B0656
:1034D00001F00F0101EBC10104EB81014FF001028A
:1034E0004FF0000502D54A75143103E081F85552BA
:1034F00001F515718D70087094F89404012808D0B6
:1035000084F89424206806F04DFD84F8945400203B
:1035100070BD022070BD01F00F0101EBC10100EB95
:103520008100D0F8680270472DE9F04104460F068B
:1035300001F00F0000EBC00104EB81014FF0010628
:103540004FF0000502D54E75143103E081F8555255
:1035500001F51571C2F30A0208708A600B714A788E
:1035600002B14883022B00D14D7194F894040128D4
:1035700009D084F89464206806F0F4FA284684F8A8
:103580009454BDE8F0810220FBE710B501F00F0470
:1035900004EBC40100EB8101C1E998230023C1F8C9
:1035A000683281F8553281F85442837901F51571FA
:1035B000012B00D1CA618279006806F04BFD002022
:1035C00010BD70B504460D4601F00F002179884208
:1035D00001D9012070BD29064FF000064FF001020D
:1035E00006D500EBC00104EB81014A75143107E0F8
:1035F00005EBC50104EB810181F8556201F51571F8
:103600008A70087094F89404012807D084F89424F0
:10361000206806F0F3FC280702D007E0022070BD06
:10362000A17904F29C42206806F090FC84F894642E
:10363000002070BD10B501F00F0404EBC40100EBD5
:103640008101C1E9082300238B6201234B7501F836
:10365000144F8379012B00D1CA618279006806F08A
:10366000F9FC002010BD00002DE9FC5F0568044650
:10367000284606F0A7FE00287DD1206806F0CEFE81
:10368000002878D0D5F80808C0F30D20C4F8D40479
:10369000206806F0C3FE800704D52068416901F068
:1036A00002014161206806F0B9FEC10604F29C40A7
:1036B000009034D52068816921F0100181612F6A62
:1036C00007F00F0000EBC00004EB8006C7F3434097
:1036D00006F51576022802D0062811D01AE047F622
:1036E000F070074216D0C7F30A1217462846F16851
:1036F00006F098FEF0683844F0607069384408E0DD
:1037000008222846009906F08DFE7069C7F30A1159
:10371000084470612068816941F01001816120686E
:1037200006F07CFE00034FF0080B4FF0000A4FF04C
:1037300001097CD50026206806F04FFE074674E09C
:10374000F80770D0F1B2206806F060FE8046C0072E
:1037500007D005EB4611C1F8089B3146204604F01E
:1037600079F95FEA087024D505EB4611C1F808BB6A
:103770002068016C00E023E200EB46100191D0F8D4
:10378000082BFB4B994205D9110403D54FF4004196
:10379000C0F8081B204600F0F6FAF5490198884267
:1037A00007D9A079012804D120680121009A06F0E8
:1037B000CDFB5FEAC86004D505EB46111020C1F8C7
:1037C000080B5FEA88701DD56869000605D5D5F835
:1037D000040840F48061C5F8041806EBC60004EB49
:1037E000800090F8571200F51570012905D180F876
:1037F00003A0F1B2204600F0E9F905EB46110220E2
:10380000C1F8080B5FEA886004D505EB461020215B
:10381000C0F8081B5FEA884005D505EB46104FF459
:103820000051C0F8081B7F08761C002F88D1206843
:1038300006F0F4FD40036ED5206806F0C7FD07468C
:10384000002666E0F80762D0F1B2206806F0CCFDF1
:103850008046C00723D006F00F01D5F8342809FAB6
:1038600001F18A43C5F8342805EB4611C1F80899DF
:10387000A07901280FD106EBC60004EB8000D0E947
:1038800007211144016236B9606A20B9206801211C
:10389000009A06F05BFBF1B22046FFF7C4FD5FEA39
:1038A000087003D505EB4611C1F808B95FEAC86096
:1038B00004D505EB46111020C1F808095FEA4860FD
:1038C00004D505EB46104021C0F808195FEA88705E
:1038D00016D53146284606F04AFD06EBC60004EB35
:1038E0008000C17D1430012905D180F803A0F1B218
:1038F000204600F067F905EB46110220C1F80809DF
:103900005FEA086003D53146204604F009F97F08D4
:10391000761C002F96D1206806F080FD002811DA71
:10392000D5F8040820F00101C5F8041894F8CC0477
:1039300001282BD0204600F00BFA2068416901F0E5
:1039400000414161206806F069FD00050BD5D5F8FE
:103950000808C00702D0204600F03EFA20684169FE
:1039600001F400614161206806F058FDC00467D58C
:10397000D5F8040820F00100C5F8040810212068DB
:1039800006F0F5FC00214FF67F3220E084F8CCA44D
:1039900000212046FFF71CFDCFE700BF05EB4110DB
:1039A000C0F80829D0F8003923F40013C0F8003912
:1039B000C0F8082BD0F8003B23F40013C0F8003BFC
:1039C000D0F8003B43F00063C0F8003B491C20796D
:1039D0008842E3D8D5F81C0840F00111C5F81C183E
:1039E000E07B002828460DD0D0F8840840F00B0179
:1039F000C5F88418D5F8440840F00B012846C5F8EE
:103A000044180DE0D0F8140842F22B010843C5F821
:103A10001408D5F8100840F00B012846C5F8101816
:103A2000D0F8000820F4FE61C5F80018A1792068DC
:103A3000009A06F08BFA2068416901F480514161D7
:103A4000206806F0EBFC800415D5206806F0CAF863
:103A5000206806F0AAFCE07100F070FA0146E279F5
:103A6000206806F03DFD204600F05CF920684169C1
:103A700001F400514161206806F0D0FC000707D531
:103A8000204600F069F92068416901F008014161B0
:103A9000206806F0C3FC000616D5A86920F0800156
:103AA000A96101260DE000BF06EBC60004EB800013
:103AB00090F85702012803D1F1B22046FFF7CAFC63
:103AC000761C2079B042EFD8206806F0A7FCC0022F
:103AD0001FD501264F4614E005EB4610D0F800191B
:103AE00006EBC60004EB8002107E012808D10029F5
:103AF00006DAF0B240F08001D7752046FFF7AAFC45
:103B0000761C2079B042E7D82068416901F4801121
:103B10004161206806F082FC800234D501204A46CB
:103B200029E000BF05EB4011D1F8001B00EBC003FA
:103B300004EB830393F85862012E1BD1002919DA94
:103B400094F8D46401F4803106F00106B14211D139
:103B500083F85722A96941F08003AB6169690906BE
:103B600008D4D5F8040840F40070C5F8040805E04E
:103B70000A30544F401C21798142D3D820684169D2
:103B800001F400114161206806F048FC400007D5AF
:103B90002046FFF744FC2068416901F08041416103
:103BA000206806F03BFC40070AD520684568680796
:103BB00002D52046FFF74AFC20684168294341604E
:103BC000BDE8FC9FD0F8E00405F0C7BCD0F8E004E5
:103BD00005F0D7BCF8B5040005D094F89504266824
:103BE000002510B106E00120F8BD84F89454204669
:103BF00000F056F8032084F89504B6F1A04F00D1E8
:103C0000A571206806F09CF9207C8DF8000094E8EE
:103C10000F0005F0F5FF0226B8BB0021206806F072
:103C200020FC90BB002001270DE000BF00EBC0018D
:103C300004EB81014F750875C8850D76CD610D6265
:103C4000401CC0B24D6221798142EFD8002011E0C2
:103C500000EBC00104EB810181F8555281F8540258
:103C600081F85852C1F85C52C1F86052401CC0B291
:103C7000C1F8645221798142EAD8207C8DF8000095
:103C800094E80F0006F09EF810B184F89564AAE756
:103C9000657484F89574206806F086F80020F8BDF5
:103CA00010B586B0044614216846FDF725F8206853
:103CB000B0F1A04F2FD119480021026842F0010253
:103CC0000260006800F0010005904FF4C0500090C1
:103CD0000220CDE90101032003900A2004906946E7
:103CE0000F48FFF7D7F90D48001D016841F080012A
:103CF00001600A481430016841F4804101600068A5
:103D0000002200F48040059011464320FFF72EFB6F
:103D10004320FFF71DFB06B010BD00003038024005
:103D20000000024070B50446C079012570B1022838
:103D300001D0FEF75AFB2946D4F8E00405F08FFCC9
:103D4000D4F8E004BDE8704005F044BC0025F2E77B
:103D5000D0F8E00405F06CBCD0F8E00405F072BCCB
:103D600010B5044690F8940401280AD0012084F884
:103D700094046174206806F0A2FB002084F8940487
:103D800010BD022010BDD0F8E02400F29C41104686
:103D900005F071BC10B50446006894F8941401292C
:103DA00009D0012184F89414C168490609D5617BC2
:103DB000012902D005E0022010BD816B41F4803161
:103DC0008163206806F0B1FA206805F0DFFF00206B
:103DD00084F8940410BD000010B50446D0F8E00447
:103DE00005F08BFC2068D0F8001E41F00101C0F8FE
:103DF000001EE07A002804D00248016841F0060164
:103E0000016010BD10ED00E02DE9F0470E46050001
:103E100065D0DFF81481D8F80000F7B200F0070091
:103E2000B04207D288F80070D8F8000000F0070010
:103E3000B04254D128683D4C810712D5400703D5C4
:103E4000206840F4E05020602878000703D52068FF
:103E500040F4604020602068A96820F0F00008432A
:103E600020602878C0072DD03049686808390128BB
:103E700012D0022813D0032811D00968890700291D
:103E80002DDA216821F0030101432160FFF700FAD8
:103E9000814641F2883A0EE009688903EFE7096834
:103EA0008901ECE7FFF7F4F9A0EB0901514502D9CC
:103EB0000320BDE8F0872068696800F00C00B0EBD3
:103EC000810FEFD1D8F80010404601F00701B14250
:103ED00007D90770006800F00700B04201D0012048
:103EE000E7E72878400705D52068E96820F4E05026
:103EF000084320602878000706D52068296920F447
:103F0000604040EAC100206000F03EF82168084AA5
:103F1000C1F30311515CC8400649086006480068B7
:103F2000FFF7DEF90020C4E7003C024008380240F9
:103F3000D6C80008140000200C00002001480068CA
:103F40007047000014000020044805490068096813
:103F5000044AC1F38221515CC8407047140000201C
:103F600008380240E6C800080448054900680968A6
:103F7000044AC1F34231515CC8407047140000202C
:103F800008380240E6C80008154810B5006810F06F
:103F90000C02144813D01449042A0FD0082A0ED159
:103FA0000F4C241F2268236802F03F025B0207D5F2
:103FB0002068C0F38810A0FB010106E0084610BD90
:103FC0002168C1F38811A1FB00010023FCF74AFE20
:103FD0002168C1F30141491C4900B0FBF1F010BD5B
:103FE000083802400024F400001BB7002DE9F84F08
:103FF00004006ED02078DFF84C93C007A9F10405C7
:104000004AD009F104000168C1F38101012908D0F7
:104010000068C0F3810002280AD1D9F800004002EC
:1040200006D52868800337D560680028E1D033E0E2
:104030006068B0F5803F10D0B0F5A02F286810D090
:1040400020F480302860286820F480202860606890
:10405000A8B1FFF71DF906460DE0286840F480304E
:10406000F4E740F480202860F7E700BFFFF710F97D
:10407000801B642873D828688003F7D50CE0FFF70D
:1040800007F9064605E000BFFFF702F9801B642828
:10409000F0D828688003F7D42078DFF8AC82800756
:1040A0004FF0000A3ED5A748001D016811F00C0F23
:1040B00008D00068C0F3810002280BD1D9F80000B5
:1040C000400207D42868800716D5E068012800D18F
:1040D00012E033E1E068B8B10120C8F80000FFF752
:1040E000D7F8064605E000BFFFF7D2F8801B02288C
:1040F000C0D828688007F7D52868216920F0F80023
:1041000040EAC10028600DE0C8F800A0FFF7C0F841
:10411000064604E0FFF7BCF8801B02281FD8286879
:104120008007F7D42078000722D5864F8748616939
:10413000703771B101210160FFF7AAF8064604E06B
:10414000FFF7A6F8801B022809D838688007F7D542
:104150000EE0C0F800A0FFF79BF8064605E082E0FD
:10416000FFF796F8801B02287DD838688007F7D4BF
:104170002078400768D5DFF8CCB100270BF13C0B65
:10418000DBF80000C0000BD4DBF8001041F08051D8
:10419000CBF80010DBF80000012700F08050009001
:1041A0006B4E3068C00510D4306840F480703060C9
:1041B000FFF76EF8009005E0FFF76AF80099401AE3
:1041C000022850D83068C005F6D55E4EA0686C361F
:1041D00001280FD00528306810D020F00100306091
:1041E000306820F004003060A068B8B1FFF750F8E4
:1041F00000900FE0306840F00100F4E740F0040068
:104200003060F7E7FFF744F80099411A41F288302F
:10421000814266D830688007F4D50EE0FFF738F8A1
:10422000009007E0FFF734F80099411A41F2883016
:10423000814256D830688007F4D42FB1DBF80010E3
:1042400021F08051CBF80010A069C8B33D49091D89
:104250000968C1F3810102294AD00228504607D0DB
:10426000C8F8600000E03CE0FFF712F804463BE0CD
:104270004746C8F86000FFF70BF8064605E000BFA8
:10428000FFF706F8801B02282BD828688001F7D496
:10429000D4E907010843A16A2E4A490802EB01410B
:1042A000626A41EA8211084394F82C1040EA0161E5
:1042B000C9F8001001203866FEF7EAFF044606E060
:1042C0003EE000BFFEF7E4FF001B022809D8286883
:1042D0008001F7D534E000BFFEF7DAFF001B0228AB
:1042E00002D90320BDE8F88F28688001F4D427E0C4
:1042F0000128F7D0D9F80000E26900F4800191426A
:104300001CD1226A00F03F01914217D147F6C071DB
:10431000626A0140B1EB821F10D1A26A4FF0FF33F5
:1043200000F4403103EB5202B1EB024F06D194F896
:104330002C1000F07060B0EB016F01D00120D1E7CC
:104340000020CFE70438024000004742800E474279
:10435000007000400000FFFF70B5040009D0606AE3
:10436000002540B125616561A56294F8510040B116
:104370000CE0012070BD6068B0F5827FF4D0E5618B
:10438000F2E784F85050204600F044F8022084F808
:1043900051002068016821F040010160A088218956
:1043A00000F4827001F404410843A18901F4006122
:1043B0000843217C01F002010843217D01F0010145
:1043C0000843218B01F400710843217F01F038017B
:1043D000084394F8201001F080010843218D01F476
:1043E0000051084321680860A069042101EA1040D7
:1043F00094F8241001F010010843216848602068F7
:10440000C16921F40061C1616565012084F8510032
:10441000002070BD2DE9F04186B0064614216846A3
:10442000FCF76AFC35493068884264D1344800247E
:10443000016841F480510160006800F480500590EB
:104440002F481438016841F002010160016801F051
:1044500002010591016841F0010101600068022537
:1044600000F0010005901820CDE9000502AA0327FD
:104470004FF0050882E8900169462248FEF70AFEDF
:104480008020CDE9000502AA694682E890011E4815
:10449000FEF700FE1E4D1D487F062860C5E9017429
:1044A0004FF48068C5E903486C617812AC61C5E9D6
:1044B000074028466C62FEF72BFD08B1FDF795FF1B
:1044C000F564AE63124D114860351830E5E8020717
:1044D0004020A5E81101C00245F81449AC61C5E9C6
:1044E00007400B486C626030FEF712FD08B1FDF723
:1044F0007CFFB564AE6306B0BDE8F08100300140DA
:10450000443802400004024000000240406402407F
:10451000640E00202DE9FF4F81B01D4693460446EE
:104520004FF001090E9EFEF7B3FE074694F85100C6
:104530006168012806D0B1F5827F3CD1A168C9BB72
:10454000042838D10298002871D0BBF1000FFBD0AD
:10455000002DF9D094F8500001282CD04FF0010A1A
:1045600084F850A094F85100042802D0052084F863
:1045700051004FF00008C4F85480C4F838B0E58703
:10458000A58702992163E586A586C4F84080C4F812
:10459000448020680168490603D4016841F0400165
:1045A0000160E068B0F5006F606808D0F0B3012DDD
:1045B00049D081E0FFE7022005B0BDE8F08F08B1E7
:1045C000012D39D1206B21680088C860206B801CC8
:1045D0002063E08E401EE0862EE020688168890717
:1045E0000FD5E18E69B1B9F1010F0AD1216B0988AC
:1045F000C160206B801C2063E08E401EE0864FF07F
:10460000000920688168C9070CD0E18F51B1C068EA
:10461000A16B0880A06B801CA063E08F401EE08728
:104620004FF00109FEF734FEC01B01E00BE067E02C
:10463000B04201D3701C50D1E08E0028CDD1E08F64
:104640000028CAD13EE0206B216800780873206BF7
:10465000401C2063E08E401EE0862DE020688168CB
:1046600089070FD5E18E69B1B9F1010F0AD1216B2C
:1046700009780173206B401C2063E08E401EE086A9
:104680004FF0000920688168C9070CD0E18F51B153
:10469000C068A16B0870A06B401CA063E08F401E37
:1046A000E0874FF00109FEF7F3FDC01BB04202D3D3
:1046B000701C01D011E086B1E08E0028CED1E08FD1
:1046C0000028CBD13A463146204603F0BDFD50B11B
:1046D0002020606584F8508012E084F851A084F8AE
:1046E0005080032068E7A06818B92068C168806816
:1046F000009084F851A084F85080606D0028F1D0BB
:10470000012059E710B5401EB0F1807F01D3012090
:1047100010BD4FF0E02460610F21601706F043F8F0
:104720000020A06107202061002010BD7047704765
:1047300010B590F83C20012A22D0012280F83C20BC
:10474000CA688C6822F4407222434C6822F480626A
:1047500022430C6822F4006222430C6922F4805246
:1047600022434C6922F400522243C969002322F4F7
:1047700080420A4301684A6480F83C30002010BD42
:10478000022010BD70B590F83C20012A32D00124DF
:1047900080F83C40022280F83D2003685A689D68FA
:1047A00022F070060A6832435A60134B02689A423C
:1047B00014D0B2F1804F11D0104B9A420ED0104B52
:1047C0009A420BD00F4B9A4208D00F4B9A4205D019
:1047D0000E4B9A4202D00E4B9A4204D1496825F002
:1047E00080031943916080F83D40002180F83C101F
:1047F000084670BD022070BD00000140000400406A
:1048000000080040000C004000040140004001404E
:104810000018004010B5040003D094F83D0010B11A
:1048200007E0012010BD002084F83C00204600F085
:104830001FF8022084F83D00211D206803F03CFE93
:10484000012084F8460084F83E0084F83F0084F894
:10485000400084F8410084F8420084F8430084F862
:10486000440084F8450084F83D00002010BD00009D
:1048700008B55D4902685D488A4210D1016841F07F
:10488000010101600068002200F001000090114663
:104890001820FEF76BFD1820FEF75AFD63E0534920
:1048A000534B091F9A4207D1086840F00400086082
:1048B000086800F0040049E04E4B9A420ED10868A7
:1048C00040F0100008600868002200F0100000901E
:1048D00011463620FEF74AFD362080E0464B9A42CC
:1048E00018D1016841F0020101600068002200F067
:1048F0000200009001212B20FEF738FD2B20FEF74F
:1049000027FD002211462C20FEF730FD2C20FEF75B
:104910001FFD5EE0394B9A420ED1016841F48031AF
:1049200001600068002200F48030009011461820D9
:10493000FEF71CFD182052E0314B9A4208D1016865
:1049400041F400310160006800F40030009008BDBF
:104950002C4B9A420ED1016841F48021016000681D
:1049600000F480200090002211461A20FEF7FEFC81
:104970001A2034E0244882420ED1086840F04000FA
:1049800008600868002200F04000009001212B2000
:10499000FEF7ECFC2B2022E01C4882420ED1086876
:1049A00040F0800008600868002200F0800000905D
:1049B00011462C20FEF7DAFC2C2010E0144882422D
:1049C000C5D1086840F480700860086800F4807001
:1049D0000090002211462D20FEF7C8FC2D20BDE8D6
:1049E0000840FEF7B5BC000000000140443802401A
:1049F0000008004000100040000401400040014059
:104A0000004401400048014000180040001C0040E4
:104A10000020004090F83D10012901D0012070478E
:104A2000022180F83D1000681149884214D0B0F18D
:104A3000804F11D00F4988420ED00F4988420BD0C9
:104A40000E49884208D00E49884205D00D49884257
:104A500002D00D49884204D1816801F0070106297E
:104A600003D0016841F0010101600020704700009F
:104A7000000001400004004000080040000C00401D
:104A800000040140004001400018004090F83D1033
:104A9000012901D001207047022180F83D100168F2
:104AA000CA6842F00102CA6000681149884214D005
:104AB000B0F1804F11D00F4988420ED00E49884284
:104AC0000BD00E49884208D00D49884205D00D49C7
:104AD000884202D00C49884204D1816801F0070164
:104AE000062903D0016841F00101016000207047F0
:104AF000000001400004004000080040000C00409D
:104B000000040140004001400018004070B5044618
:104B100090F83C000025012817D0012684F83C605D
:104B2000022084F83D002068826822F0770222F497
:104B30007F4282600868502838D00DDC20284FD092
:104B400005DC90B3102811D14AE0022070BD302856
:104B500046D040280AD13BE060282FD070280DD0E5
:104B6000B0F5805F03D0B0F5005F12D0012584F866
:104B70003D60002084F83C00284670BDCB68D1E938
:104B80000121206803F011FD2068816841F0770160
:104B900009E0CB68D1E90121206803F006FD206817
:104BA000816841F480418160E1E719E0CA684968A1
:104BB000206803F0E4FD5021206806E0CA684968D7
:104BC000206803F0EDFD6021206803F0F8FCCEE7DB
:104BD000CA684968206803F0D2FD40212068F4E7E4
:104BE000226801461046F0E770472DE9F04104467F
:104BF0000068C66805694FF00007A90713D5B1071B
:104C000011D5F91E01610120207720688069800795
:104C1000204602D0FFF7E8FF04E000F0D7F8204676
:104C200000F069F92777680716D5700714D5216851
:104C30006FF004000861022020772068806910F47A
:104C4000407F204602D0FFF7CFFF04E000F0BEF81F
:104C5000204600F050F92777280715D5300713D5DF
:104C600021686FF008000861042020772068C0697F
:104C70008007204602D0FFF7B7FF04E000F0A6F857
:104C8000204600F038F92777E80616D5F00614D547
:104C900021686FF010000861082020772068C06943
:104CA00010F4407F204602D0FFF79EFF04E000F0A2
:104CB0008DF8204600F01FF92777E80708D0F007A5
:104CC00006D021686FF001000861204600F0B6F9B7
:104CD000280608D5300606D521686FF080000861E7
:104CE0002046FFF723FD680608D5700606D5216823
:104CF0006FF040000861204600F02CFAA8060AD5A3
:104D0000B00608D521686FF0200008612046BDE894
:104D1000F041FFF70CBDBDE8F081000030B587B071
:104D2000044614216846FBF7E7FF214D2368002263
:104D3000204802210124AB420FD1036843F0100345
:104D40000360006800F01000059008028DE807007D
:104D5000CDE903246946184811E0184DAB4212D141
:104D6000036843F008030360006800F00800059042
:104D700028148DE80700CDE9032169461048FEF7A5
:104D800089F907B030BD0F4A9342FAD1026842F068
:104D900020020260006800F02000059040208DE8AD
:104DA00013000320CDE9031069460748E7E7000038
:104DB000000001403038024000100240000800406E
:104DC000000C02400044014000140240704770B5DE
:104DD000044690F83C0000260D4601280FD0012023
:104DE00084F83C006AB1042A1DD0082A2FD00C2A6E
:104DF0003FD00126002084F83C00304670BD0220E0
:104E000070BD206803F0E4FB2068816941F008016F
:104E100081612068816921F00401816120688169D4
:104E20002A69114311E0206803F002FC20688169BF
:104E300041F4006181612068816921F480618161B0
:104E4000206881692A6941EA02218161D2E72068EC
:104E500003F024FC2068C16941F00801C1612068A9
:104E6000C16921F00401C1612068C1692A69114347
:104E700011E0206803F046FC2068C16941F400613C
:104E8000C1612068C16921F48061C1612068C16984
:104E90002A6941EA0221C161ACE710B5040003D0E0
:104EA00094F83D0010B107E0012010BD002084F807
:104EB0003C00204600F01EF8022084F83D00211D31
:104EC000206803F0F9FA012084F8460084F83E00D7
:104ED00084F83F0084F8400084F8410084F84200E0
:104EE00084F8430084F8440084F8450084F83D00C9
:104EF000002010BD7047704710B50446022249B12A
:104F000004290ED0082913D094F84100012816D0A6
:104F1000012010BD94F83E000128F9D184F83E200C
:104F20000FE094F83F000128F2D184F83F2008E018
:104F300094F840000128EBD184F8402001E084F887
:104F400041200122206803F023FB16492068164AFD
:104F5000884201D0904203D1436C43F40043436440
:104F60002068884213D0B0F1804F10D00F4988429A
:104F70000DD00F4988420AD00E49884207D090428E
:104F800005D00D49884202D00C49884204D181687D
:104F900001F00701062903D0016841F00101016019
:104FA000002010BD0000014000040140000400404A
:104FB00000080040000C0040004001400018004084
:104FC00030B504460D460068002203F0E1FA194BA3
:104FD00041F2111120688A10984202D0164B984273
:104FE00009D1036A0B4206D1036A134203D1436C11
:104FF00023F4004343642068036A0B4206D1016A2C
:10500000114203D1016821F00101016001203DB18D
:10501000042D08D0082D09D084F84100002030BDAF
:1050200084F83E00FAE784F83F00F7E784F8400090
:10503000F4E70000000001400004014070B50446A0
:105040003148844202D13148FCF73CF93048314DB7
:1050500084420FD1D5F80600D5F8021001EE900A6F
:105060002D4800EE901A90ED011A90ED020A2B489F
:1050700001F024FC2A48844204D1264805F0C5FAF0
:1050800006F06CFF2748284E84421BD1274806F0C3
:1050900051F92748DFED280A01883184418871845D
:1050A00090ED021A2348297B90ED060A174830EE4E
:1050B000600ADFED220A60EE200A90ED000A154832
:1050C00005F0B0FA1E48844208D107F023F848F2F0
:1050D000010310221B49154806F0C6F81A488442FD
:1050E00006D11A4D2868FCF785FE2868FCF734FFC6
:1050F0001748844207D13068FCF77CFE3068BDE871
:105100007040FCF729BF70BDB40F0020840D002053
:10511000FC0F0020F00900200C0A0020F4110020F0
:1051200044100020D4100020C8090020180A0020D4
:10513000B00D0020580500200020C345EA04343D8E
:105140001C110020A00D002064110020740D00200F
:10515000AC1100207047704770470000F8B5016837
:1051600004460868CA684B6910F00F0F4FF000053D
:1051700059D003F0010602F49077374365D0C10798
:1051800005D0D10503D5616C41F00101616441078F
:1051900005D5D90703D0616C41F002016164810734
:1051A00005D5D90703D0616C41F0040161640107A2
:1051B00007D502F02001314303D0616C41F00801B2
:1051C0006164616C00293AD0800604D5900602D54E
:1051D000204603F07FFB20684069616CC0F38010BB
:1051E000090700D460B3204603F03FFB2068406904
:1051F000400621D52068143050E8001F21F04001FE
:1052000040E80012002AF5D1E06BA8B16E490165B3
:10521000E06BFDF79BFD002811D0E06B016D01B044
:10522000BDE8F040084783060FD593060DD520460C
:10523000BDE8F84003F04EBB2046FFF78DFFF8BDF8
:105240002046FFF789FF6564F8BD266B2023012EF9
:105250007DD1C6067BD5D60679D50868486800900A
:1052600048694FF00206400641D5E16B0868406886
:105270000004000CE8D0A28D8242E5D9E085C8691F
:10528000B0F5807F2DD020680C3050E8001F21F44D
:10529000807140E80012002AF5D12068143050E8EF
:1052A000001F21F0010140E80012002AF5D120681A
:1052B000143050E8001F21F0400140E80012002A9D
:1052C000F5D184F84230256320680C3050E8001F87
:1052D00021F0100140E80012002AF5D1E06BFDF743
:1052E000ECFC6663A08DE18D401A81B22AE0A08DAE
:1052F000E18D401A81B2E08D0028A5D00029A3D00D
:1053000022680C3252E8000F20F4907042E8000747
:10531000002FF5D12068143050E8002F22F0010250
:1053200040E80027002FF5D184F84230256320683B
:105330000C3050E8002F22F0100240E80023002B30
:10534000F5D166632046FFF706FFF8BDFFE70506C7
:105350002BD5150629D594F841002128F5D1A06850
:10536000B0F5805F01D12069B0B1206A411C216293
:10537000216800784860E08C401E0004000CE08446
:10538000E3D12068C16821F08001C1602068C16854
:1053900041F04001C160D8E7206A0088C0F30800EE
:1053A0004860206A801C2062E5E74006CDD55006A3
:1053B000CBD5CA68204622F04002CA6084F841304A
:1053C00000F08CF9C1E70000C587000870B5040043
:1053D00004D094F84100002510B106E0012070BD12
:1053E00084F84050204600F023F8242084F841003F
:1053F0002068C16821F40051C160204603F0CCFA56
:105400002068016921F4904101612068416921F01F
:105410002A0141612068C16841F40051C16065649E
:10542000202084F8410084F842006563002070BDAC
:105430002DE9F04F87B0044614216846FBF75CFC69
:105440007C48DFF8EC811438D4F800C07949022692
:1054500003220723002507154FF0006A4FF0400B89
:10546000C4454BD1D1F800C04CF0100CC1F800C0BD
:10547000096801F010010591016841F00201016025
:10548000016801F002010591016841F0010101602C
:105490000068CDE9025200F0010005908020CDE9BE
:1054A000000691469846694604936348FDF7F2FD6D
:1054B0003002CDE90006CDE902596946CDF81080E9
:1054C0005E48FDF7E7FD5F4E5D48C6E9035775612D
:1054D000B56186E8010CB801C6E90750304675622F
:1054E000FDF716FD08B1FCF780FFA6630022114608
:1054F0002520B463FDF73AFF25203FE0DFF848811F
:105500004FF40039C4453ED14A49091FD1F800C0C3
:105510004CF4802CC1F800C0096801F48021059189
:10552000016841F0040101600068029500F0040088
:1055300005904FF44060CDE9000669464348CDE947
:105540000323FDF7A7FD3F4E414860363060C6E9B2
:1055500001A5C6E903577561B561C6E9075930462B
:105560007562FDF7D5FC08B1FCF73FFFE66300224A
:1055700011462720B463FDF7F9FE2720FDF7E8FE6A
:1055800007B0BDE8F08F334B9C45F9D10B6843F071
:1055900020030B60096801F020010591016841F0CA
:1055A000400101600068029500F0400005904FF452
:1055B0008440CDE900060820CDE90320694626484D
:1055C000FDF768FD1F4E1E48C036903830604FF022
:1055D0002068C6E90185C6E903577561B561C6E96A
:1055E000075930467562FDF793FC08B1FCF7FDFEE4
:1055F000E663B463194E1248C6E90357756118385B
:10560000B56186E801094FF48030C6E9075030469D
:105610007562FDF77DFC08B1FCF7E7FEA66300228A
:1056200011464720B463FDF7A1FE4720A6E700001E
:1056300000100140443802400004024000000240D3
:10564000B8640240CC12002000480040000802402C
:10565000286002400014014000180240EC130020B2
:105660007047000070B5044690F84100202801D032
:10567000022070BD49B342B32162A284E2840020BB
:105680006064212384F84130A56B114BEB63A56B5B
:10569000104B2B64A56B104BEB64A36B186525684E
:1056A00013462A1DA06BFDF79DFC21686FF040009A
:1056B00008602068143050E8001F41F0800140E885
:1056C0000012002AF5D1002070BD012070BD00003D
:1056D0001F88000861880008D58700087047704758
:1056E00070B5044600203C4D2074A27B2888616878
:1056F0004243D4F8F400FBF7E6FAA17B2888414343
:105700006068FBF7F9FAA07B10FB00F128884143A1
:10571000D4F81801FBF7F0FA207BA17B10FB01F114
:1057200028884143D4F80C01FBF7E6FA00202BE06F
:10573000D4F8F41001EB800292ED000AB5EEC00A35
:10574000F1EE10FA1ED0227C01EB820181ED000AFD
:10575000227C616A8854A169227B01EB8001237C51
:1057600091ED000A6169095C12FB03116FF00302FD
:1057700002EB8101D4F80C21114481ED000A217C57
:10578000491C2174401CC0B2A17B8142D0D80020AA
:1057900010E0636AE2691B5C02EB830292ED000A8F
:1057A00010FB0101D4F81821401C02EB8101C0B2AA
:1057B00081ED000A217C8142EBD8C8B224F8780F31
:1057C00014F86C0C608020816181218361832084C6
:1057D000618424F8301C70BD08020020FEE7000040
:1057E000F0B58D4C0F462DED068B054687B016465D
:1057F000D0ED040A94ED050A884830EEC00AB0EEF8
:10580000C00A10EE101A814219DC95ED050A94EDDC
:10581000061A30EE410AB0EEC00A10EE101A8142AC
:105820000DDC95ED060A94ED071A30EE410AB0EE54
:10583000C00A10EE101A814201DC2878F0B39FED07
:10584000789A80EE890AFAF7BBFCF0EE400AF0EE97
:10585000609AD5ED050A80EE890AFAF7B1FCD5ED1C
:10586000060AF0EE401A80EE890AB0EE61AAFAF755
:10587000A7FCD5ED040AF0EE40AA80EE890AFAF7FB
:10588000DBFCF0EE400AB0EE608AD5ED050A80EE52
:10589000890AFAF7D1FCD5ED060AF0EE408A80EECF
:1058A000890AFAF7C9FC29EEAA2A68EE280AB0EE9E
:1058B000401AB0EE420A00EE810A00E02BE084EDCF
:1058C000080A2AEE080A6AEE880A002084ED090A0E
:1058D00029EE810A00EEE80A84ED0A0A29EEA80AF8
:1058E00020EE010A0AEEC80A84ED0B0A29EE8A0AA4
:1058F00084ED0C0A28EE410A02EE680A84ED0D0AD6
:105900002AEE410A84ED0E0A2AEE2A0AC4ED0F8A15
:1059100084ED100A287000204FEA0D0107EB800289
:1059200092ED000A05EB8002D2ED010A01EB800244
:10593000401C20EE200AC0B2032882ED000AEDD3FD
:105940009DED000AD4ED085A9DED011A94ED094A27
:1059500020EE252ADDED020AD4ED0A1A002004EE1D
:10596000012A03A901EEA02A87ED002A94ED0B3A43
:10597000D4ED0C2A94ED0D2A60EE033A42EE813A02
:1059800042EE203AC7ED013AD4ED0E3AD4ED0F4A7B
:1059900094ED105A20EE230A04EE810A05EE200A47
:1059A00087ED020A06EB800292ED000A01EB80020D
:1059B000401CC0B282ED000A0328F3D39DED031A08
:1059C000DDED040A9DED050A61EE255A44EE205AEC
:1059D00041EE805A61EE031A21EE231A42EEA01A1C
:1059E00004EEA01AC6ED005A42EE001A05EE001AA7
:1059F000C6ED011A86ED021A95ED040A84ED050A3A
:105A000095ED050A84ED060A95ED060A84ED070A70
:105A100007B0BDEC068BF0BD840100206F12833A05
:105A2000E12E654210B504462DED048BD0F8EC0054
:105A3000D0ED009A90ED019AD0ED028A29EEA90AE4
:105A400090ED038A09EE090A08EEA80A08EE080A92
:105A500005F054FF5FF00000D4F8EC1001EB80017A
:105A6000401CD1ED000AC0B2042860EE800AC1EDEE
:105A7000000AF1D33E48D4F8001190ED6F0A60EEB1
:105A8000090AB6EE000A60EE800AC1ED040AD0ED04
:105A90006F0AD4F8001160EEA80A60EE800AC1ED2A
:105AA000050AD0ED6F0AD4F8001120EEA91AFEEE17
:105AB000000A21EE201A81ED0A1A90ED6F1AD4F82F
:105AC000001121EE081A21EE001A81ED0B1A90ED5B
:105AD0006F1AD4F8001121EE081A21EE201A81ED78
:105AE000101A90ED6F1AD4F8001121EE291A21EE48
:105AF000201A81ED111A90ED6F1AD4F8001121EEE1
:105B0000281A21EE000A81ED160A90ED6F0AD4F8EA
:105B1000001120EE090A20EE200A81ED170AD4F8C0
:105B2000F810D0ED740A91ED1C0A80EE201A81ED78
:105B30001C1AD4F8F810D0ED740A0E4891ED230A1F
:105B400080EE201A9FED0C0A81ED231AD4F8F8108C
:105B50000A6F824201DD81ED1C0AD4F8F810D1F8F9
:105B60008C20824201DD81ED230ABDEC048B10BD47
:105B70006831002000401C4600401C4670B52C4C8B
:105B800001252DED028B04F5D8702570B7EE008A43
:105B900080EC030A00209FED270A84ED730A84F845
:105BA0003801C4E95000C4E9520011EE900AB0F186
:105BB0007E5F01DDF0EE481AC4ED741A84ED642AAC
:105BC000032300220621201D00F088FE1A4B01222B
:105BD0001146A3F10800FAF7FDFB54F8EC0F9FED16
:105BE000170A902280ED008A54F86409184980ED64
:105BF000010A606E80ED020A606E80ED030A1048B3
:105C0000A0641048E064104820651048606504F8FE
:105C10005A5C04F8595CE06FFBF755F8606F90220E
:105C2000BDEC028B0B49BDE87040FBF74CB800009F
:105C30006831002077CC2B32303300200000000088
:105C4000595C0008255A00088D5C00086561000851
:105C500020C900086402002010B50446902254F8C0
:105C6000F81F0848FBF72FF848220748616AFBF73E
:105C70002AF8054861694822BDE810404830FBF722
:105C800022B80000640200204833002070B50446AA
:105C9000B0EE000A54F8EC0F2B4DD0ED000A60EE88
:105CA000800AC5ED090AD0ED010A60EE800AC5ED53
:105CB0000A0AD0ED020A60EE800AC5ED0B0AD0EDAB
:105CC000030A20EE800A85ED0C0A14F8DE0C14F8A5
:105CD000E01C10FB01F11D4800884143206AFBF7DE
:105CE0000BF8D5ED0B1A206AB1EE612A80ED002A7F
:105CF000206AD5ED0C0AC0ED010A95ED090A206A6B
:105D0000B1EE401A80ED021A206A95ED0A1A80ED74
:105D1000031A206A80ED061A206A80ED070A206ABD
:105D2000C0ED080A206AC0ED091A206A80ED0C0A4D
:105D3000206AB1EE410A80ED0D0A206A80ED0E2A3C
:105D4000206AC0ED0F0A70BD20020020080200206A
:105D500070B5F74C2DED088BB0EE438AF0EE629AE9
:105D6000B0EE42AAF0EE61AA2078B0EE419AB0EE11
:105D700060BAF0EE40BADFEDEF8A58B9B0EE682AAB
:105D8000F7EE001A9FEDEC1ADFEDEC0AB2EE040A12
:105D9000FFF7F4FE84ED6F8A94ED580AE84D9022E7
:105DA0007BEEC00AE749C4ED5B0A94ED590A3BEE6D
:105DB000401A84ED5C1A94ED5A0A79EE401AB6EE58
:105DC000000A60EE800AC4ED5D1A60EE880AC5ED37
:105DD000000A61EE000A21EE800A60EE880A20EED9
:105DE000080AC5ED010A85ED020AD4F8040104F59C
:105DF0008274FAF768FF95ED000A2068B1EE402A38
:105E000080ED012A95ED011A2068F1EE412AC0EDDE
:105E1000022AD5ED021A2068F1EE610AC0ED030AEC
:105E2000206880ED060A2068C0ED081A2068C0EDE1
:105E3000092A206880ED0C1A2068C0ED0D0A206840
:105E400080ED0F0A2068C0ED121A206880ED131A49
:105E500054F8440B80ED142A74E85201084305D12C
:105E6000C4ED5EAA84ED5FAAC4ED609A94ED5E0A6B
:105E7000D4ED640A94ED6F1A20EE202A31EE200A48
:105E8000C2EE001A21EE2A2AC2EE002A31EEA22A20
:105E900084ED5E2AD4ED5F1A61EEA02AC2EE801A6C
:105EA00061EE0A2A21EE291A82EE803A71EE831AF7
:105EB000C4ED5F1AD4ED602A62EEA02AC2EE800A19
:105EC000C1EE002A22EE020A01EEA10A70EEA20A39
:105ED000C4ED600A00EEA00A05F010FD85ED030A8E
:105EE0005FF0000004EB8001D1ED5E0AA16801EBD8
:105EF000800160EE800A401CC0B2C1ED000A032898
:105F0000F0D394ED5B0AD4ED5C0A20EE000A00EEBB
:105F1000A00AD4ED5D0A00EEA00A05F0EFFCB7EE92
:105F2000008A8949C8EE000AC4ED650A95ED031A96
:105F300010EE900A88EE010A884284ED660A0BDAB8
:105F400010EE100A8149884206DD10EE100A8049E1
:105F5000884201DA012000E0002084F8390194ED44
:105F60006C0AD4ED6F0AD4F8180120EE200A80EDF7
:105F7000000A94ED6C0AD4ED6F0AD4F8180120EEF3
:105F8000200A80ED070A94ED6C0AD4ED6F0AD4F86C
:105F9000180120EE200A80ED0E0A94ED6C0AD4ED73
:105FA0006F0AD4F8180120EE200A80ED150A94ED4E
:105FB0006D0AD4ED6F0AD4F8180120EE200A80EDA6
:105FC0001C0A94ED6D0AD4ED6F0AD4F8180120EE86
:105FD000200A80ED230AD4F81C0194ED6E0A80EDAE
:105FE000000AD4F81C0194ED6E0A80ED040AD4F87E
:105FF0001C0194ED6E0A80ED080A201D00F058FF88
:10600000606890ED001A84ED541A90ED010A61EE7B
:10601000012A84ED550AD0ED021AC4ED561A90ED0E
:10602000032A40EE002A84ED572AD0ED040A21EE1F
:10603000021AC4ED580AD0ED050AC4ED590A00EE63
:10604000211AC4ED5A8AF0EE008AF0EE480A52EEA8
:10605000A80A21EE280A04F0D9FC9FED3E9AF0EE42
:10606000480A20EE090A84ED6A0A94ED541A94ED68
:10607000570A61EE011A40EE001A51EEA80AD4ED5B
:10608000551A21EE211AD4ED561A01EE801A21EE8E
:10609000280A04F0BBFC20EE090A84ED690A94ED9D
:1060A000550AD4ED570A94ED561A20EE200AD4ED85
:1060B000540A00EEC10AF8EE000A20EE200A04F0AD
:1060C0000FFC20EE090A244984ED680A94ED6A0A5F
:1060D000D4ED760A70EE600A10EE900A884203DD75
:1060E000B4F8D401401E07E010EE900A1B49884224
:1060F00004D9B4F8D401401CA4F8D401B4F9D401F3
:10610000DFED171A00EE900AB8EEE01AF0EE400A42
:1061100041EE210AC4ED6B0A84ED760AF4E95201DE
:10612000401C41F10001C4E90001BDEC088B70BDC9
:1061300068310020000000008096184B6F12833AEF
:106140002002002020C900089A99993ECDCC144124
:10615000CDCC2441E12E654200003443000034C31D
:106160000000B4432DE9F84F00F180010446783077
:1061700005460091FAF7ECFC84F8C800B4F8780002
:10618000A4F8A800B4F85A00A4F8AA0004F1A802E0
:1061900004F1580191468B462846FAF7B7FB84F87C
:1061A000C800B4F8A800A4F8B000B4F88200A4F8BD
:1061B000B20004F1B002904648460099FAF7A6FBF7
:1061C00084F8C800B4F89000A4F8A000B4F89200D5
:1061D000A4F8A20004F1A002154604F19001404683
:1061E000FAF774F884F8C80041462846B034FAF744
:1061F000F5F82076E16BBF480126D1ED001AB0EE2C
:10620000002AC0ED0D1AD1ED010A0027C0ED0E0ADB
:1062100091ED020AB84D80ED0F0A91ED031A80ED61
:10622000101A60EE812A34F8380C2081668141EE24
:10623000C02AE06F62EE822AC0ED002A61EEA02A39
:1062400061EEA11AE06F40EE012A40EEE01A22EE64
:10625000822A40EE401A80ED012AE06FB4F1B004CA
:1062600041EE011AC0ED021AD4F82C0100EB8700B0
:1062700090ED000AB0EEC00A04F0A6FA05EB870024
:106280007F1CFFB280ED610A032FEDD3B4F8480004
:10629000A4F8C00004F1C00204F1B801A4F8C2607F
:1062A00017468A4604F14800FAF7CEFB84F8C80086
:1062B000B4F8C000A4F8A80024F8AA6F4A463946EA
:1062C0004046FAF723FBA077E681E08A2082514618
:1062D0003846FAF73DFCA077884A49465046FAF717
:1062E00015FBA07795ED730AB6EE001AD5ED720A8C
:1062F00020EE011AAA3CF4EEC10AF1EE10FA01D226
:1063000085F83861F4EEC00A0020F1EE10FA35DDB0
:1063100095F8381189B395F8391139B1D5E950217B
:10632000521C41F10001C5E9502102E00021C5E9FC
:106330005011D5E950234FF0320C0021BCEB020282
:10634000994102D285F8380136E06D4D14F80C2FD2
:1063500028884243D4E937017434FAF7B4FC14F8BE
:10636000740C10FB00F228884243D4E91E01FAF7AE
:10637000AAFC04F8546CBDE8F88FFFE79FED611AA2
:1063800020EE011AF4EEC10AF1EE10FA0DDD95F8D7
:10639000381151B170EE600A9FED5B1A20EE010AD0
:1063A00080EE801A85ED671A03E0B7EE000A85EDEE
:1063B000670A0021C5E9501184F82C00B4F8580090
:1063C000A4F8A800B4F88200A4F8AA004A465846E7
:1063D0006C340099FAF79AFA04F85C0FA4F13002D1
:1063E000934641464846C83CFAF790FA84F8C800FC
:1063F00000200DE0D4F81C11D5ED670A01EB8001F7
:10640000401C91ED000AC0B220EE200A81ED000A86
:10641000B4F89810B4F89A2051438142EADC042081
:106420009FED3A0A002105EB800C00EB400300BF12
:106430009CED5D1AD4F81C2103EB0108C1EE000AA3
:1064400002EB8802491C92ED001AC9B2032960EEE2
:10645000810AC2ED000AEBD3401CC0B20628E1D38A
:1064600034F8980F52462084668439465846FAF725
:106470004DFA84F8300095F83801983C50B39FED00
:10648000240ADFED240A0420D4F8BC1095ED6F1A1D
:1064900001EB800121EE001AD1ED001AF4EEC11AD1
:1064A000F1EE10FA01DD81ED001AD4F8BC1095ED83
:1064B0006F1A01EB800121EE201AD1ED001AF4EEE3
:1064C000C11AF1EE10FA01D281ED001A401CC0B2DF
:1064D0000628D9D3D4F8BC009FED0F0A04F130028E
:1064E00080ED030A514604F13800F9F7EFFE84F815
:1064F000C80040E720020020683100202833002037
:1065000008020020CDCCCC3D6666663FDA0FC93F5D
:106510000AD7233C0AD723BC00000000114810B55D
:1065200090ED070A1048D0ED030A104801F04AFB2D
:106530000E4890ED0D0A05F0E2F800EE100A9FED0E
:106540000C1ADFED0C0AB8EEC00A05F0C8F8BCEE74
:10655000C00ABDE8104010EE100A002182B20648C1
:1065600002F0F8B8E4330020840100202C30002031
:106570000000804F000000008C100020184991EDB1
:10658000000A818B00EE901AF8EE600AB4EEE00A81
:10659000F1EE10FA00EE901AF8EE600A30EE600AA2
:1065A00003DADFED100A30EE200A90ED021ADFED7B
:1065B0000E0A71EE401AB0EE001AF4EEE01AF1EE97
:1065C00010FA02DD00EE810A70479FED082AF4EE12
:1065D000C21AF1EE10FAF7D800EEC10A70470000B7
:1065E000840D00200000B44300003443000034C395
:1065F00010B52348B7EE000A2DED028B012180ED86
:10660000010A80ED020A9FED1F8A80ED030A80EDEA
:10661000048A80ED058A80ED068A0170B0EE482A72
:10662000F7EE001A9FED181ADFED180AB2EE040A11
:10663000FFF7A4FA00221146F0EE484AB0EE484AAD
:10664000F0EE483AB0EE483AF0EE482AB3EE042AAB
:10665000DFED0F1AB0EE481ADFED0E0A9FED0E0ABD
:106660000E4801F0D5FC00210D48FEF745FC04481A
:106670009FED0C0A743880ED100ABDEC028B10BD42
:106680004C310020000000008096184B6F12833AB6
:1066900000007A44000096430000FA442C300020A9
:1066A0008C10002096430B3C70B56D4A2DED028B8B
:1066B00088B007CA04AB83E807006A48FBF764FDAB
:1066C000684D694885ED010AD5ED020A30EE800A71
:1066D00085ED020AFAF7F8FD6348644C90ED000A74
:1066E00004F11C0284ED070A90ED010AA2F10C01ED
:1066F00084ED080A90ED020A84ED090A90ED030A80
:1067000084ED040A90ED040A84ED050A90ED050A73
:1067100001F1640084ED060AFFF762F8D4ED090A7E
:1067200094ED070A04F072F99FED518A20EE080AF1
:10673000DFED500A80EE201A84ED1A1AD4ED090A12
:1067400094ED080A04F062F920EE080ADFED4A0A27
:1067500004F1100080EE201A84ED1B1A95ED013A29
:1067600090EC060AFFF7F4FA444E20464ECE80E83D
:106770004E00024600F1440139482438FAF7F3FE8E
:106780003748224602F150011838FAF7ECFE344837
:10679000224602F15C010C38FAF7E5FE2246694612
:1067A00004A8FBF7ADFD95ED010A00204FEA0D02AC
:1067B00004EB800102EB8003D1ED070A93ED001A90
:1067C000401CC0B270EEC10A94ED101A032820EEEE
:1067D000802A71EE000AC2EE201A91ED0A2A22EEFA
:1067E000011A81EE202A71EE820AC1ED0A0ADFD376
:1067F0001E4A02F13401A1F10C00FAF7B4FE204860
:10680000216F90ED6A0A81ED000A216F90ED690A0F
:1068100081ED020A216F90ED680A81ED030A216F74
:1068200090ED6B0A81ED010A216F90ED5D0A81ED1B
:10683000040A216F90ED5B0A81ED050A90ED5C0A78
:10684000206F80ED060A287CC00701D1FFF766FEA5
:106850002869401C286108B0BDEC028B70BD0000A7
:1068600014C9000884010020E4330020D83000203F
:1068700000003443C3F548C0C3F54840B832002097
:1068800068310020F0B500230A24302537261F4642
:1068900011E000BFB4EB107F02D905EB107C01E0E2
:1068A00006EB107C01F813C001EB430C00015B1CEC
:1068B0008CF80170DBB29342ECD3F0BD06490022A4
:1068C00081EC040A0A744A7480228A747F22CA7492
:1068D0001422FEF7C7BE0000643400202DE9F04703
:1068E000DFF8DC830D460421A8F800100821A8F881
:1068F00002100573427383734FF000091E4604466D
:1069000080F810901746304605F0A8F931466061CE
:10691000FAF7F2F9B8F80000704305F09FF9A061AA
:10692000B8F800107143FAF7E7F9B8F800007043BF
:1069300005F094F9E061B8F800107143FAF7DCF95A
:10694000B8F80000684305F089F92062B8F8001033
:106950006943FAF7D1F9304605F080F931466062B3
:10696000FAF7CAF9B8F80000684305F077F9206033
:10697000B8F800106943FAF7BFF9B8F8000070439F
:1069800005F06CF96060B8F800107143FAF7B4F9DB
:10699000B8F80000784305F061F9A060B8F800107D
:1069A0007943FAF7A9F9B8F80000684305F056F9F9
:1069B000C4F8E800B8F800106943FAF79DF9217BA4
:1069C000012204F13000D4F8E830F9F703FDB8F8FB
:1069D0000000684305F042F9C4F8EC00B8F8001074
:1069E0006943FAF789F9217B012204F13800D4F8D0
:1069F000EC30F9F7EFFC9FB1B8F80000784305F0F0
:106A00002DF9C4F8F000B8F800107943FAF774F9DA
:106A1000617B012204F14000D4F8F030F9F7DAFC90
:106A2000B8F80000704305F019F9C4F8F400B8F89C
:106A300000107143FAF760F9A17B012204F14800CC
:106A4000D4F8F430F9F7C6FCB8F80000684368439E
:106A500005F004F9C4F8F800B8F800106943694378
:106A6000FAF74AF9217B04F150000A46D4F8F830CD
:106A7000F9F7B0FCB8F800006843684305F0EEF899
:106A8000C4F8FC00B8F8001069436943FAF734F918
:106A9000217B04F158000A46D4F8FC30F9F79AFC3F
:106AA000B8F800006843684305F0D8F8C4F800015E
:106AB000B8F8000088346843684305F0CFF8E06711
:106AC000B8F80010A06F69436943FAF715F9B8F8F0
:106AD0000010E06F69436943FAF70EF954F8783F04
:106AE000A4F1A00014F8F41CA4F580740A46F9F788
:106AF00071FC217B04F168000A46D4F80431F9F7EF
:106B000069FCAFB1B8F800006843784305F0A6F817
:106B1000C4F80801B8F8001069437943FAF7ECF8B3
:106B2000627B217B04F17000D4F80831F9F752FC44
:106B3000B8F8000047467043684305F08FF8C4F882
:106B40000C01388894346843704305F087F8E06797
:106B50003988A06F71436943FAF7CEF83988E06F3E
:106B600069437143FAF7C8F814F8882C14F8861CA6
:106B7000A4F11C00A36F943CF9F72CFCA27B217BB1
:106B800004F18000D4F81031F9F724FC3888684308
:106B9000684305F063F8C4F8140139886943694310
:106BA000FAF7AAF8217B04F188000A46D4F81431D8
:106BB000F9F710FC38887043704305F04FF8C4F8BB
:106BC0001801398871437143FAF796F8A17B04F1F3
:106BD00090000A46D4F81831F9F7FCFB388868436E
:106BE000704305F03BF8C4F81C01398869437143D0
:106BF000FAF782F8A27B217B04F19800D4F81C31CB
:106C0000F9F7E8FB207B10FB00F03988484305F0DA
:106C100025F8C4F82001207B10FB00F03988484398
:106C200005F01CF8C4F82401207B10FB00F0398823
:106C3000484305F013F8C4F82801207B39884843FD
:106C400005F00CF8C4F82C01207B3988484305F086
:106C500005F8C4F83001217B04F1A0000A46D4F8FD
:106C60002031F9F7B7FB217B04F1A8000A46D4F8DC
:106C70002431F9F7AFFB217B04F1B0000A46D4F8C8
:106C80002831F9F7A7FB217B012204F1B800D4F8E1
:106C90002C31F9F79FFB217B012204F1C000D4F8CD
:106CA0003031F9F797FB04F8289F84F8019084F8B5
:106CB000029084F8039084F80490BDE8F087000007
:106CC0000802002070B50446C07B0F4D18B1204665
:106CD000FEF706FD0DE0A27B288861684243D4F8E8
:106CE000F400F9F7F0FFA17B288841436068FAF7C8
:106CF00003F8627B2888A1684243D4F8F000BDE81D
:106D00007040F9F7E0BF0000080200202DE9F041D3
:106D1000044690F82C0000282BD1B4F89800A4F871
:106D2000A800B4F87A10A4F8AA10A4F8B000B4F837
:106D30005A00A4F8B20004F1A802174604F1780141
:106D400004F19800F9F7E2FD84F8C80004F1B002FC
:106D500004F1580116460D463846F9F7D7FD84F878
:106D6000C80004F1500231462846F9F76DFE84F858
:106D7000C800BDE8F0812DE9F041044690F82900F3
:106D800000282CD104F1680104F160000F4605468B
:106D9000F9F7DEFE84F8C80004F15802164604F143
:106DA00050012846F9F7B2FD84F8C800B4F858003D
:106DB000A4F8A800B4F86A00A4F8AA0004F1A80294
:106DC000154639463046F9F7A1FD84F8C800324629
:106DD00004F188012846F9F779FA84F8C800BDE87B
:106DE000F0812DE9F047044690F82A0000285CD194
:106DF00004F1800104F1780089460546F9F7A8FE00
:106E000084F8C800B4F87800A4F8A800B4F85A00D0
:106E1000A4F8AA0004F1A80204F1580190460F4614
:106E20002846F9F773FD84F8C800B4F8A800A4F860
:106E3000B000B4F88200A4F8B20004F1B002154624
:106E400049464046F9F762FD84F8C800B4F890005E
:106E5000A4F8A000B4F89200A4F8A20004F1A002E3
:106E6000164604F190012846F9F730FA84F8C80074
:106E700029463046AA34F9F7B1FAA07734F8520C13
:106E800024F8020C34F8280C208042464946384643
:106E9000F9F73CFD04F81E0FA4F1300229464046E4
:106EA000C83CF9F733FD84F8C800BDE8F08700005E
:106EB00070B50446FFF706FFD4F8CC1009B12046A0
:106EC0008847204600F068F8D4F8D01009B1204671
:106ED00088472046FFF74FFFD4F8D41009B1204669
:106EE0008847207C2B4DC0B9E07BB0B1227B28883D
:106EF0004243D4E93A01F9F7E6FE207B10FB00F2A9
:106F000028884243D4E93E01F9F7DDFED4F8E010C9
:106F100009B12046884700202AE02046FFF761FF9C
:106F2000D4F8D81009B120468847204600F06EF802
:106F3000D4F8DC1009B1204688472046FFF7E6FE6A
:106F4000E4E700BF10FB0101D4F8F82002EB810157
:106F5000226AD1ED000A02EB800292ED000AF4EE03
:106F6000C00AF1EE10FA01D281ED000A401CC0B255
:106F7000217B8142E6D8CAB22888D4F8E81042437F
:106F80002068F9F7A0FED4F8E41009B1204688473C
:106F9000206870BD080200202DE9F041044690F8F9
:106FA000280000282AD1627B04F1300104F160003E
:106FB00004F1380522B3227BA4F8B820012604F19D
:106FC000B802A4F8BA601746F9F7A0FC84F8C80024
:106FD000207BA4F8C000A4F8C26004F1C0021646E9
:106FE00004F1400104F17000F9F790FC04F8C80FB7
:106FF0002A4631463846F9F769F92070BDE8F08134
:107000002A46F9F783FC84F8C800F7E72DE9F04138
:10701000044690F82B00002838D1B4F87800A4F882
:10702000B800012504F1B80204F13801A4F8BA50FF
:1070300090460F4604F17800F9F768FC84F8C80020
:10704000B4F84800A4F8C00004F1C002A4F8C2508B
:107050001646414604F14800F9F7F6FC84F8C800EA
:10706000B4F89800A4F8B800A4F8BA5042463146E3
:1070700004F19800F9F74AFC84F8C80004F13002E2
:1070800041463846F9F722F984F8C800BDE8F08196
:10709000104810B50E4901600321416000214FF4F2
:1070A00010228160C0E903124FF4001242610176A0
:1070B000012242768176C27601774177FBF773FC35
:1070C000002803D0BDE81040FBF78FB910BD0000C9
:1070D00000640040BC0D0020104810B50E4901604E
:1070E0000321416000214FF410228160C0E90312A6
:1070F0004FF4001242610176012242768176C27617
:1071000001774177FBF74FFC002803D0BDE8104022
:10711000FBF76BB910BD000000680040E40D0020D3
:10712000214808B5016841F400110160016801F4CB
:1071300000110091016841F48001016000680022A3
:1071400000F48000009011460C20FCF70FF90C2091
:10715000FCF7FEF8002211463920FCF707F9392028
:10716000FCF7F6F8002211463A20FCF7FFF83A2027
:10717000FCF7EEF8002211463B20FCF7F7F83B2025
:10718000FCF7E6F8002211464520FCF7EFF8452011
:10719000FCF7DEF8002211464620FCF7E7F8BDE8D0
:1071A00008404620FCF7D4B8303802402DE9F041C1
:1071B00086B014216846F9F79FFD4E48016841F0FA
:1071C00002010160016801F002010591016841F0CE
:1071D00040010160016801F040010591016841F042
:1071E00001010160016801F001010591016841F0B0
:1071F00008010160016801F008010591016841F092
:1072000004010160016801F004010591016841F089
:1072100080010160016801F080010591016841F081
:1072200020010160016801F020010591016841F031
:10723000100101600068304E00F01000059001223E
:1072400040213046FCF71EF82C4F00221021384612
:10725000FCF718F8DFF8A880012211464046FCF739
:1072600011F801244020CDE900040294694630461B
:107270000394FBF70FFF08204FF40415CDE9000538
:10728000694602943046FBF705FF1020CDE9000463
:107290000226CDE9024669463846FBF7FBFE302060
:1072A000CDE90005694602941648FBF7F3FECDE9E7
:1072B00002460094694640460194FBF7EBFE00222B
:1072C00011460920FCF752F80920FCF741F800228A
:1072D00011460A20FCF74AF80A20FCF739F8002288
:1072E00011461720FCF742F81720FCF731F806B0DA
:1072F000BDE8F08130380240001802400000024032
:107300000004024000080240104810B50E49016018
:107310004FF482714160002102228160C0E90312B2
:1073200001224261520282611022C0E907214162BA
:1073300081620A21C162FDF70FF8002803D0BDE881
:107340001040FBF752B810BD003001400C0E002079
:1073500010B588B01C216846F9F7CEFC14481349D3
:107360000024C0E900144FF6FF71C0E90241046136
:107370008461FDF74FFA08B1FBF737F80C48FDF7C9
:107380008CFD08B1FBF731F86020CDE900040294D0
:107390000022694606480494FDF719FD08B1FBF781
:1073A00024F80348FDF7BAFC08B010BD00440140C2
:1073B0008C1000200B4810B509490160A7214160DD
:1073C000002140F29D22C0E9021201618161FDF7B6
:1073D00021FA002803D0BDE81040FBF706B810BD25
:1073E00000480140D41000201FB500211048009132
:1073F000019102910D4A039102605322C0E90121DB
:1074000040F2CF72C0E903218161FDF703FA08B1B0
:10741000FAF7EBFF4FF48050009069460448FDF7FF
:1074200075FB002801D0FAF7E0FF1FBD00180040EF
:107430001C1100200C4810B50A490160532141601D
:10744000002140F2CF72C0E9021201618021816106
:10745000FDF7E0F9002803D0BDE81040FAF7C5BFFA
:1074600010BD0000001C0040641100200C4810B545
:107470000A49016053214160002140F2CF72C0E906
:107480000212016180218161FDF7C4F9002803D057
:10749000BDE81040FAF7A9BF10BD00000020004071
:1074A000AC11002010B596B000240F9410941194E4
:1074B000129413941C2108A81494F9F71DFC2021A0
:1074C0006846F9F719FC294827490160A721C0E956
:1074D000011444F61F61C0E9031444618461FDF79F
:1074E00099F908B1FAF781FF4FF480500F900FA976
:1074F0001E48FDF70BFB08B1FAF777FF1B48FDF7B5
:10750000CCFC08B1FAF771FF139413A9174814942F
:10751000FDF738F908B1FAF768FF602008904FF4DA
:107520007A70CDE909040B940C940D94002208A9FB
:107530000E480E94FDF74BFC08B1FAF756FF009485
:107540004FF40050CDE9044002940194039469463D
:1075500006480794FDF7ECF808B1FAF746FF034830
:10756000FDF7DCFB16B010BD00000140240F002029
:1075700010B58EB000240794089409940A940B94D3
:107580001C2168460C94F9F7B7FB1F481D490160A0
:107590004FF44871C0E901141321C0E90314846158
:1075A000FDF738F908B1FAF720FF4FF48050079043
:1075B00007A91548FDF7AAFA08B1FAF716FF12480D
:1075C000FDF76BFC08B1FAF710FF0B940BA90E48FE
:1075D0000C94FDF7D7F808B1FAF707FF6020009088
:1075E0000A20CDE901040822694607480494FDF702
:1075F000EEFB08B1FAF7F9FE0348FDF78FFB0EB07A
:1076000010BD0000000800406C0F00201CB50024D5
:107610000E4800940C49019401605321C0E9011403
:107620004FF47A718461C160FDF7F4F808B1FAF79C
:10763000DCFE0094694605480194FDF7A3F8002894
:1076400001D0FAF7D2FE1CBD00100040B40F00209C
:1076500010B586B000241748009401940294039456
:1076600004941349059401605321C0E9011441F2C7
:107670008731C0E9031444618461FDF7CBF808B198
:10768000FAF7B3FE4FF48050009069460948FDF7C1
:107690003DFA08B1FAF7A9FE049404A90548059437
:1076A000FDF770F8002801D0FAF79FFE06B010BD74
:1076B00000040140FC0F00201FB50021104800917C
:1076C000019102910D4A03910260A722C0E90121B4
:1076D00042F20F72C0E903218161FDF79BF808B106
:1076E000FAF783FE4FF48050009069460448FDF796
:1076F0000DFA002801D0FAF778FE1FBD00400140C6
:10770000441000200C4810B50A4901604FF4E131E3
:107710004160002181600C22C160C0E904128161D6
:10772000C161FDF753FE002803D0BDE81040FAF711
:107730005CBE10BD00100140F41100200E4810B5D1
:107740000C4901600D4941604FF480518160002176
:107750004FF48062C0E903120C22C0E90521C16127
:10776000FDF734FE002803D0BDE81040FAF73DBE17
:1077700010BD0000004800403C120020A08601001F
:107780000C4810B50A4901604FF4E1314160002115
:1077900081600C22C160C0E904128161C161FDF702
:1077A00015FE002803D0BDE81040FAF71EBE10BD3C
:1077B000001401408412002010B500220F49104827
:1077C00001F0B0FD08B1FAF710FE0E490C4801F0C7
:1077D000C0FF08B1FAF709FE0B49094801F044FB64
:1077E00008B1FAF702FE064802F036F8002803D086
:1077F000BDE81040FAF7F9BD10BD000018000020E8
:107800004C140020D400002068000020FEE7FEE7B2
:1078100070B50446D0F8060090ED011A784880ED66
:10782000031A0020042217E0D4F8061002EB8003AC
:10783000CD1801EB8001D5ED001A71EEC11AC1ED32
:10784000001AD4F80A100B4401EB8001D3ED001AA2
:10785000401CC1ED001A80B22188491E8142E3DC40
:107860002188D4F806006FF0070202EB810202447F
:1078700092ED001A6FF0030202EB810131EE000A73
:10788000084480ED000A2188D4F80A0002EB810147
:107890000844C0ED000AD4F802002188884202D2D0
:1078A000401CC4F80200102104F11A00F9F724FA70
:1078B0002088D4F80210431A99B23BE0D4F806208D
:1078C000D4F81A5002EB810200EE905A92ED000AB1
:1078D00040EE000A10EE905AC4F81A50D4F81E5028
:1078E000D2ED000A00EE105A30EE800A10EE105A67
:1078F000C4F81E50D2ED000AD4F80A20D4F8225061
:1079000002EB810200EE105A92ED001A491C89B276
:1079100000EE810A10EE105AC4F82250D2ED000A8F
:10792000D4F8262000EE102A30EE800A10EE102A3D
:10793000C4F826208842C1D800EE100AD4F82210DC
:10794000D4F82620B8EE400A00EE901AD4F81E10A3
:1079500001EE102A60EE800A00EE101AD4F81A2008
:1079600040EE410A00EE100A01EE102AB8EE400A7D
:1079700021EE001A00EE101A002100EE401A80EEEF
:10798000810A10EE102AC4F80E20C4F8161099B21D
:1079900024E000BFD4F8063000EE902A03EB810308
:1079A00093ED001AD4F8123000EE103AD4F80A30F1
:1079B00000EE810A03EB8103491CD3ED000AD4F8E1
:1079C000163089B230EE600AF0EEC00A00EE103ACE
:1079D00030EE800A10EE103AC4F816308842D9D83A
:1079E00000EE100A54F8161FB8EE401A00EE901A76
:1079F00080EE810A10EE100A00EE102A206070BDA1
:107A00000C02002070B50446002524F8021B8E00ED
:107A10002560304604F022F96060304604F01EF91B
:107A2000A060E560256160683146F9F765F9A068F6
:107A30003146A41EF9F760F904F11A00BDE8704060
:107A40001021F9F759B900000148FBF70DBE0000FD
:107A5000482B00202DE9F04103680D4604461E6CBA
:107A600003EB4511D1F8080B94F806E04FF40047FA
:107A70004FF0200C04F29C42BEF1010F09D0DFF858
:107A800098E0764539D1020432D500BFC1F8087BB1
:107A90003FE0224B5FEA007E04D59E4239D90004C4
:107AA000F4D436E05FEA806E02D5C1F808CB30E04E
:107AB00010F0280F2DD19E4201D90004E6D405EB29
:107AC000C50004EB8000D1F8101BD0F87432C1F36C
:107AD0001201591AC0F8681200F51570ADB90369A2
:107AE0001BB1C2681144C1600FE0012120680AE0A7
:107AF00080060AD5C1F808CB07E035B9D4F864028E
:107B000018B90021184602F021FAE9B22046FBF725
:107B100093FC0020BDE8F0810A31544F0A30544FE5
:107B20002DE9F84F0E4601EBC60100EB81048146BA
:107B30000568D4E909101434884202D90120BDE84F
:107B4000F88F081AA168814200D20846C01C870835
:107B500005EB46181BE000BFA0EB010AA0685045EA
:107B600000D282460AF10300870899F806000090C7
:107B70001FFA8AF3F2B22846E16802F025FDE168B7
:107B800001EB0A00E060616901EB0A006061D8F86E
:107B9000180980B2B84205D3D4E90401814201D268
:107BA0000028D9D1D4E90401884208D806F00F0191
:107BB00001208840D5F834188143C5F834180020D6
:107BC000BDE7000070B504462DED028BB0EE608A73
:107BD00090F89800F0EE408A000649D5606B00EE00
:107BE000100A206C00EE900A9FEDFE1A60EE810AEA
:107BF000B4EEE00AF1EE10FA3AD32068FA4A00EE49
:107C0000100AB0EEC00A10EE101A914230DB216962
:107C100000EE100A00EE901AF44930EE600AF0EE21
:107C2000C00A00EE100AB0EEC01A80EE810A10EE13
:107C3000100A88420ADD54F8990F6168401C44F824
:107C4000040B41F1000144F89D1904E00021C4F83F
:107C50009910C4F89D10D4F89920D4F89D104FF4D1
:107C6000FA7300209A1A884102D2012084F8A100F8
:107C700004F18C00FAF788FA10EE100A18EE101AC8
:107C8000C4F8900018EE900A08EE101A206108EE71
:107C9000900A216038EE680A10EE100AA061D4F84C
:107CA000A21009B120468847A06900EE100AB5EE7F
:107CB000C00AF1EE10FA00EE100A01DCB1EE400A43
:107CC000A16C00EE901AB4EEE00AF1EE10FA78DD45
:107CD000D4F89420616804F16203E2B300EE101A54
:107CE000116800EE901A70EE200A00EE100A20EEE5
:107CF000800A10EE101A6162A16800EE101A516835
:107D000000EE901AD4F8901070EE200A00EE100ADF
:107D100060EE800A00EE101A20EE800A10EE105A73
:107D20002563B4F86050022D4CD900EE900A00EEA5
:107D3000101A1846FFF76CFDE06800EE900AD4F8C0
:107D40009400806801EE100A70EE810A20EE200A8D
:107D500010EE100A4DE0FFE700EE901A00EE100A58
:107D600020EE800A10EE101A00EE100A6162A1687F
:107D700000EE901AD4F8901060EE800A00EE101A0F
:107D800020EE800A10EE102A2263B4F86020022A46
:107D90000AD900EE900A00EE101A1846FFF738FDD7
:107DA000E06800EE900AD1E700EE100AE06900EE0C
:107DB000900AE06870EE600A00EE100A20EE801A69
:107DC00011E016E1E368926800EE103A00EE902AA6
:107DD00030EE201A00EE100AE06900EE900A30EE54
:107DE000600A21EE001A00EE101AC1EE000A10EE31
:107DF000900AE062D4F8A61009B12046884794F8AA
:107E00009810480721D5D4F89400B6EE000AE8B3DC
:107E1000A268406800EE902A01EE100AA06970EE98
:107E2000811A00EE900AE06901EE100A70EE810AF4
:107E300020EE800A61EE800AD4F8900000EE100A6D
:107E400020EE800A10EE100A2063880602D5204634
:107E500003F0D6FA94F89800800702D5204603F084
:107E600029FB94F89820500627D5E06AE16D00EED2
:107E7000900AD4F8900000EE100A60EE801A00EE2E
:107E8000901A00EE100A30EE800A00E03AE081EE2F
:107E9000801AE36B00EE101A00EE903A60EE801A42
:107EA00000EE101A00EE900A30EE200AC1EE800AB1
:107EB00031EE200A10EE100AE062D00702D0204610
:107EC00003F055FBA06A00EE100A206B00EE900A4A
:107ED00030EE200A10EE100AA062626A00EE100A6C
:107EE00000EE902AE06A70EE800A00EE100A30EE92
:107EF000800A10EE100A606394F89810C90611D435
:107F0000606B34E0A06900EE900AE06901EE100AAF
:107F1000A06870EE810A60EE800A00EE100A60EE42
:107F2000800A89E700EE100AD4F89000A16D00EEF7
:107F3000900AA36B60EE201A00EE901A00EE100A71
:107F400030EE800A00EE903A81EE801A00EE101AB0
:107F500060EE801A00EE101A00EE900A30EE200A51
:107F6000C1EE800A31EE200A10EE100A606300EEC6
:107F7000900A206C00EE100AF4EEC00AF1EE10FA3E
:107F800000DD6063616B00EE100A00EE901AB1EE46
:107F9000400AF4EEC00AF1EE10FA06D200EE100A22
:107FA000B1EE400A10EE101A616300EE102A00EEE6
:107FB000900AB4EEE00AF1EE10FA00DD6062616A48
:107FC00000EE100A00EE901AB1EE400AF4EEC00A7C
:107FD000F1EE10FA0DD200EE100AB1EE400A10EEEA
:107FE000100A05E06F12833A17B7D1383333733F65
:107FF000606220696061606BA063E16AE163A1690E
:10800000E161216B216200EE100ABDEC028B70BDB4
:1080100070B5044611EE100A0025A06410EE900A17
:108020001646606410EE100A206411EE900A256076
:10803000606012EE100AA06012EE900AE06013EE8B
:10804000100A2563206513EE900A606514EE100A8D
:10805000A06514EE900AE065A4F8601004F16200D7
:10806000FFF7D0FCC4F88C5084F898600021C4F865
:108070009910C4F89D1084F8A150656370BD00008C
:10808000A0B1D0ED101AC0ED111A90ED0F1A80EDCD
:10809000101AC0ED060A80ED070A30EEC00A80ED26
:1080A0000F0A017829B101294CD14EE09FED3D0A1C
:1080B0007047D0ED010A60EE801AC0ED091AD0EDCC
:1080C0000A0A90ED022A42EE000A30EE410AC0EDA3
:1080D0000A0A90ED0D2A80ED0E2A90ED0C2A80ED13
:1080E0000D2A80ED0C0A90ED031A21EE001A80EDA6
:1080F0000B1A90ED050AF4EEC00AF1EE10FA09DC55
:10810000B1EE400AF4EEC00AF1EE10FA02D390ED9F
:108110000A0A01E080ED0A0A31EE800A30EE010A17
:1081200080ED080AD0ED040AB4EEE00AF1EE10FA90
:1081300006DCF1EE600AB4EEE00AF1EE10FA01D2CC
:10814000C0ED080A90ED080A704770EE410A90ED04
:10815000012A60EE820AC0ED090A90ED022A22EEA1
:10816000002A80ED0A2AD0ED0D2A70EE820AC0EDB9
:108170000E2AD0ED0C2AC0ED0D2AF0EE002A01EEF9
:10818000620A30EE210A80ED0C0A90ED031A21EE0E
:10819000000A80ED0B0A30EE800AD0ED080A30EEBE
:1081A000200ABDE700000000002819D09FED0D0A4D
:1081B00080ED110A80ED100A80ED0F0A80ED0E0AA5
:1081C00080ED0D0A80ED0C0A80ED0B0A80ED0A0AA5
:1081D00080ED090A80ED080A80ED060A80ED070AA5
:1081E0007047000000000000002828D0002A26D098
:1081F000017092ED001A80ED011A92ED011A80EDE6
:10820000021A92ED021A80ED031A80ED040A9FED26
:108210000C0AC0ED050A80ED0E0A80ED0D0A80ED16
:108220000C0A80ED080A80ED0B0A80ED0A0A80ED49
:10823000090A80ED110A80ED100A80ED0F0A7047DF
:108240000000000070470000F8B515460E460B46CA
:10825000009204460122022100F02CF8A0B9134834
:1082600013490068B0FBF1F04FF47A714843009075
:108270006068B0F5827F0DD1334600228021204610
:10828000009500F017F870B1606D40F02000606557
:108290000320F8BD009830B1401E0090206880682F
:1082A000C0430006F6D50020F8BD000014000020F1
:1082B00000366E012DE9F8431E4691468846044675
:1082C000089DFAF7E5FF401B351AFAF7E1FF07466C
:1082D00025480068C0F3CB30684338E0701C37D0C5
:1082E000FAF7D6FFC01BA84203D215B1009860B3BD
:1082F0002CE02068416821F0E00141606068B0F541
:10830000827F0BD1A068B0F5004F02D0B0F5806F2E
:1083100004D12068016821F040010160A06AB0F535
:10832000005F09D12068016821F4005101602068D4
:10833000016841F400510160012084F851000020DF
:1083400084F850000320BDE8F8830025401E00900B
:108350002068816838EA010004D000214945BDD178
:108360000020F0E70121F9E71400002070470178B0
:10837000407841EA00207047FAF790BF30B593B0DB
:1083800030216846F8F7B8FC14210CA8F8F7B4FCC3
:108390001D480025016841F080510160006800F02F
:1083A000805011901948016841F4804101600068D3
:1083B000022400F4804011900120009000040190FC
:1083C0008001CDE9064006200890A820CDE90904E7
:1083D00007200B906846FBF709FE08B172B6FEE76E
:1083E0000CA90F2081E831004FF4A0500F904FF4FA
:1083F0008050109005210CA8FBF706FD002801D045
:1084000072B6FEE713B030BD403802400070004045
:108410000248016841F470010160704788ED00E096
:1084200010B50448FCF7E1FBBDE810400248FCF73A
:10843000DCBB0000240F00204410002010B50448CD
:10844000FCF7D3FBBDE810400248FCF7CEBB0000B0
:10845000240F0020D41000200148FCF7C6BB000008
:10846000B40F002010B50448FCF7BFFBBDE8104076
:108470000248FCF7BABB0000FC0F00201C110020D2
:1084800010B50448FCF7B1FBBDE810400248FCF70A
:10849000ACBB0000FC0F0020AC11002010B504485C
:1084A000FCF7A3FBBDE810400248FCF79EBB0000B0
:1084B000FC0F002064110020F0B50268294C2A4D01
:1084C0002A4E2B4F2B4B4FF0804CA04209D06045D9
:1084D00007D0A84205D0B04203D0B84201D098429C
:1084E00004D122F0700E4A6842EA0E02A0421BD06C
:1084F000604519D0A84217D0B04215D0B84213D069
:10850000984211D01C4DA8420ED01C4DA8420BD051
:108510001B4DA84208D01B4DA84205D01A4DA842B9
:1085200002D01A4DA84203D122F44075CA682A43EA
:108530004D6922F080022A4302608A68C2620A689A
:108540008262A04201D0984201D1096901630121F0
:1085500041610169C90703D0016921F0010101618D
:10856000F0BD000000000140000400400008004091
:10857000000C004000040140004001400044014064
:108580000048014000180040001C0040002000404E
:1085900010B501F01F030121046A99408C43046265
:1085A000016A9A401143016210BD10B5846842EA25
:1085B000032224F47F440A432243826010BD826870
:1085C00022F070020A4342F0070181607047000008
:1085D000F0B5036A026A22F001020262426884690D
:1085E000124E24F073050C682C4323F002058B68AF
:1085F0002B430D4DA84201D0B04205D123F008070E
:10860000CB683B4323F00403A84201D0B04205D11C
:108610004D6922F4407215438A692A43426084619D
:10862000496841630362F0BD00000140000401405D
:10863000F0B5026A036A23F0100303624368846999
:108640000D6824F4E64444EA05248D6822F02002F3
:1086500042EA05120F4D104EA84201D0B04206D199
:10866000CF6822F0800242EA071222F04002A842BC
:1086700001D0B04207D14D6923F4406343EA85033A
:108680008D6943EA850343608461496881630262BE
:10869000F0BD00000000014000040140F0B5026A96
:1086A000036A23F4807303624368C46922F400728E
:1086B00024F073050C68124E2C438D6842EA0522A3
:1086C0000E4DA84201D0B04206D1CF6822F400621C
:1086D00042EA072222F48062A84201D0B04207D1C8
:1086E0004D6923F4405343EA05138D6943EA0513AA
:1086F0004360C4614968C1630262F0BD000001408B
:108700000004014030B5046A026A22F48052026219
:108710004268C3690D6823F4E64343EA05238D6884
:1087200024F4005444EA0534084DA84202D0084D10
:10873000A84204D14D6922F4804242EA8512426087
:10874000C36149680164046230BD0000000001405B
:10875000000401400068C36A934201D2C26A92B227
:1087600039B1042907D0082907D00C2900D10264A7
:1087700070474263704782637047C263704710B5A9
:10878000036A046A24F001040462846924F0F0049A
:1087900044EA021423F00A020A438461026210BD13
:1087A00010B5036A046A24F010040462846923F09B
:1087B000A00324F4704444EA023243EA01118261C6
:1087C000016210BD10B5806B0021C185C184FCF72A
:1087D000C3FC10BD70B5846B2068406994F84110EB
:1087E000C0F3C0100025212904D118B1E58420462A
:1087F00000F062F82068406994F84210C0F38010DD
:10880000222904D118B1E585204600F02EF8606CCD
:1088100040F0100060642046FCF79EFC70BD10B56F
:108820000146806B09680968C90516D40021C18416
:108830000168143151E8002F22F0800241E8002342
:10884000002BF5D101680C3151E8002F42F04002B5
:1088500041E80023002BF5D110BDFCF73FFF10BD10
:1088600010B5806BFCF73BFF10BD01680C3151E87F
:10887000002F22F4907241E80023002BF5D101680B
:10888000143151E8002F22F0010241E80023002BAF
:10889000F5D1016B012909D101680C3151E8002F94
:1088A00022F0100241E80023002BF5D1202180F8AE
:1088B000421000210163704701680C3151E8002F1C
:1088C00022F0C00241E80023002BF5D1202180F8DE
:1088D0004110704708B590F84210222901D00220BB
:1088E00008BD82684FF480539A4201D1016921B1D9
:1088F000816A9A421BD04AB10AE00268816A5268D2
:10890000C2F308020A80816A891C08E0026972B118
:108910000268526802F07F020A70816A491C816213
:10892000C18D491E0904090CC18503D01BE00268F2
:108930005268F1E70168CA6822F02002CA60016843
:10894000CA6822F48072CA6001684A6922F0010292
:108950004A61202180F8421000214163026B012A04
:1089600003D0FCF77DFE002008BD016301680C31D7
:1089700051E8002F22F0100241E80023002BF5D12E
:1089800001680A68D20602D50A6849680091818D9B
:10899000FCF7E1FBE7E7000070B5044600680169F9
:1089A000E26821F44051114301612169A068E26944
:1089B00008436169114308432168CA6849F20C639E
:1089C0009A430243CA6020684169A26921F4407158
:1089D0001143416131492068884202D030498842C0
:1089E00002D1FBF7C1FA01E0FBF7AEFAE26900231E
:1089F000192164253226B2F5004F626828D0A0FB09
:108A00000101930F9200F8F72DF90146B0FBF5F044
:108A10006FF01802504301EB800006EB0010B0FB32
:108A2000F5F000F0F002B1FBF5F002EB0012B1FB43
:108A3000F5F06FF01803584301EB800006EB0010CF
:108A4000B0FBF5F000F00F0021681044886070BDA5
:108A5000A0FB010192185B41F8F704F90146B0FB55
:108A6000F5F00201B1FBF5F06FF01803584301EB8C
:108A7000800006EBC000B0FBF5F000F0F80002EB60
:108A80004002B1FBF5F0584301EB800006EBC0005B
:108A9000B0FBF5F000F00700D6E700000010014041
:108AA000001401400148FCF759BB0000F4110020FC
:108AB00010B50348FCF752FBBDE8104001F0D4BDEF
:108AC0003C12002010B50348FCF748FBBDE81040FD
:108AD00003F030B9841200202DE9F0410C46D0F8A3
:108AE000D412D0F8C82200EB8101D1F8C01229B30A
:108AF00004F00F0606EB860300EB83050027AB6945
:108B00004BB106EBC60602EB8602D269B3FBF2F666
:108B100002FB1632A2B1C1F81472D0F8D42200EBD5
:108B20008200D0F8C40203692BB1D1F808022246B2
:108B300001F5047198470020BDE8F0810320FBE7B0
:108B400000231A462146AF6100F0E4FDF3E770B55B
:108B50000546D0F8D40205EB8000D0F8C04294B1AD
:108B6000284600F0B7FCC4F80C02D5F8D412D4F8AB
:108B7000040205EB8101D1F8C412CA6804F503713F
:108B80009047002070BD032070BD000070B5224DDD
:108B90000446297800F0E2FB2878002600F00F0058
:108BA00000EB800004EB800086846978204600F0AA
:108BB000D5FB687800F00F0000EB800004EB80002C
:108BC000A0F86461A978204600F0C8FBA87800F0FE
:108BD0000F0000EB800004EB80008684C684D4F88C
:108BE000D40204EB8000D0F8C01299B1D0F8C402CE
:108BF00040688047D4F8D40204EB8000D0F8C0026B
:108C000000F0ABFFD4F8D40204EB8000C0F8C062DF
:108C1000C4F8BC62002070BD8000002010B5D0F800
:108C2000D41200EB8100D0F8C04284B1D0F8C41255
:108C300059B194F80002FF2807D08B6894F80122FC
:108C400021469847FF2084F80002002010BD032031
:108C500010BD00000A2101800048704784000020F8
:108C600070B5064682210C4800F0FBFA054601214A
:108C7000094800F0F6FA04468121074800F0F1FAAD
:108C80000DB11021A971402104B1A18000B18180F2
:108C900043203080004870BD9000002070B506462B
:108CA00082210D4800F0DDFA054601210A4800F056
:108CB000D8FA04468121084800F0D3FA0DB11021FA
:108CC000A9714FF4007104B1A18000B181804320EB
:108CD0003080014870BD00009000002070B506464D
:108CE00082210C4800F0BDFA05460121094800F038
:108CF000B8FA04468121074800F0B3FA0DB11021FB
:108D0000A971402104B1A18000B18180432030804D
:108D1000004870BD900000202DE9F04704464FF454
:108D20000775284600F01AFF06004FF0000863D0D0
:108D30002946F7F7E1FFD4F8D4023C4D04EB80005C
:108D40004FF01009C0F8C062C4F8BC62207C4FF438
:108D5000007A0127F0B3402302222978204600F050
:108D600024FC2878402300F00F0000EB800004EB87
:108D70008000878402226978204600F016FC68781B
:108D8000082300F00F0000EB800004EB80000322BA
:108D9000A0F86471A978204601F00F0101EB810170
:108DA00004EB8101A1F82690A97800F0FEFBA878D9
:108DB00000F00F0000EB800004EB80008784C6F811
:108DC0000482D4F8D402474604EB8000D0F8C402F1
:108DD000006800E018E006F50176804737617761AA
:108DE00032687AB1207CF8B140236978204600F0DF
:108DF000E8FB0020BDE8F087D4F8D41204EB810131
:108E0000C1F8C0820220F5E75346022229782046A5
:108E100000F0CBFB2878534600F00F0000EB8000F9
:108E200004EB80008784A5E75346DEE7800000203E
:108E300010B5D0F8D41200EB8101D1F8C01259B1AD
:108E4000027C084C002AD1F8042207D04023617824
:108E500000F0B7FB002010BD032010BD4FF40073DD
:108E6000F5E700008000002039B1D0F8D42200EBF3
:108E70008200C0F8C4120020704703207047D0F869
:108E8000D42200EB8200D0F8C00218B1C0F804125E
:108E90000020704703207047D0F8D43200EB8300E5
:108EA000D0F8C00228B1C0F81022C0F80812002083
:108EB0007047032070472DE9FC410646D0F8D402E4
:108EC0000C4606EB80000021D0F8C0728DF800102F
:108ED000ADF804100D4637B1217811F060022FD0A3
:108EE000202A4BD102E00320BDE8FC81E288F2B1E8
:108EF00009060DD5D0F8C40263783946D0F808C009
:108F00001846E047E288072A00D9072239462DE0B3
:108F1000607887F80002E088402800D34020C2B281
:108F200087F801223946304600F081F82BE0D0F86E
:108F3000C40263780022866821461846B04722E0C2
:108F4000607830B101281ED00A2809D00B2815D12D
:108F500010E096F89C02032810D1022201A905E036
:108F600096F89C02032809D101226946304600F098
:108F700078F808E096F89C02032804D02146304691
:108F800000F04AF803252846AEE7000010B5D0F8F7
:108F9000D41200EB8101D1F8C02201211AB1D2F81C
:108FA000143213B116E0032010BD0121C2F81412CF
:108FB0000949D2F81032097801F00F0404EB840457
:108FC00000EB8404A361D2F81032D2F8082200F03A
:108FD000A1FB0021084610BD8000002010B5D0F88C
:108FE000B82200245268904700B10324204610BDE7
:108FF0000020704700207047134610B50A46002134
:1090000000F0DFFA002010BD134610B50A4600211B
:1090100000F080FB002010BD10B50446802100F058
:109020005AFB2046BDE81040002100F054BB10B5AB
:109030000323C0F89432C0F858211346C0F85C21CD
:109040000A46002100F0BDFA002010BD10B5052130
:10905000C0F8941200231A46194600F0B2FA002014
:1090600010BD10B50223C0F8943282611346C2616C
:109070000A46002100F04EFB002010BD10B504216F
:10908000C0F8941200231A46194600F043FB002052
:1090900010BD000010B50A46024903A000F00FF908
:1090A000004810BD2817002043444320436F6E66DC
:1090B00069670000122008800048704738000020CF
:1090C00010B50A46024903A000F0F9F8004810BDA7
:1090D0002817002043444320496E7465726661631B
:1090E000650000000420088000487047340000201C
:1090F00010B50A46024903A000F0E1F8004810BD8F
:109100002817002053544D6963726F656C65637452
:10911000726F6E696373000010B50A46024903A0BE
:1091200000F0CDF8004810BD2817002053544D33EF
:1091300032205669727475616C20436F6D506F7286
:109140007400000010B51A2008800A480168001D4C
:109150000468001D0068081809D008220649FDF7B8
:1091600091FB0549042210312046FDF78BFB024894
:10917000801E10BD107AFF1F4E000020F8B5044677
:109180000020ADF8000048880D46010A08295FD28A
:10919000DFE801F05E0409175E5E3C45D4F8B412C6
:1091A000207C0A6819E0207C02260028D4F8B80246
:1091B00005D0C16A684688470146467039E0816A31
:1091C000F8E7C0B2062843D2DFE800F0030A101423
:1091D000181CD4F8B402426805E0694690471CE0C8
:1091E000D4F8B402826892B3207CF6E7D4F8B402D3
:1091F000C268F8E7D4F8B4020269F4E7D4F8B4021C
:109200004269F0E7D4F8B4028269ECE7207CF0B957
:10921000D4F8B802416B68468847014609E0207CD3
:10922000A8B9D4F8B802016B684688470146072000
:109230004870EA888AB1BDF8000040B1824200D986
:109240000246ADF800202046FFF70BFFF8BDFFE710
:1092500029462046FFF7E0FEF8E72046FFF70EFF1D
:10926000F4E778B50E4642880178002504468A4224
:1092700012D9ADF800100AE0694600F019F84178FB
:10928000052904D181780546B14205D000256188C1
:10929000BDF800209142EFD8284678BD0146002055
:1092A00002E0401CC0B2491C0A78002AF9D170477C
:1092B0000A8803781A440A8001780844704770B518
:1092C00016460D46002820D00446FFF7E7FF02218E
:1092D00001EB40014FF40070814204D82046FFF7B3
:1092E000DDFF4000801C30803078287003206870DB
:1092F0000220002206E02954401CC0B22A54401C1F
:10930000C0B2641C21780029F5D170BD01004FF076
:10931000000004D0012901D0022901D003207047A8
:109320000120704778B10023C0F8B832C0F8C432C9
:10933000C0F8D03209B1C0F8B412012180F89C12F3
:10934000027000F0CBB80320704710B5D0F8C80207
:10935000FAF7B4F8BDE81040FFF7D8BF10B5D0F861
:10936000C802FAF786F8BDE81040FFF7CFBF2DE935
:10937000F04117460446002521B194F89C020328C9
:1093800042D04CE0D4F8941204F11400022935D1F3
:10939000D0E902639E4206D9F21A8260394620461D
:1093A000FFF732FE0FE0B34214D14068984211D368
:1093B000D4F8981288420DD2002211462046FFF7B9
:1093C00023FEC4F8985200231A461946204600F09E
:1093D000F8F813E094F89C02032808D1D4F8B802F6
:1093E000C16821B1C4F8D452C168204688478021A1
:1093F000204600F070F92046FFF728FE94F8A002FE
:1094000068B184F8A0520AE0D4F8B802426932B1D7
:10941000C4F8D452426920469047002800D1002069
:10942000BDE8F08170B513460446002221B194F8DE
:109430009C02032830D03AE0D4F8941204F5AA70C4
:10944000032934D1D0E902518D420AD96A1A8260C7
:109450000846824200D3024619462046FFF7CCFD5B
:1094600025E094F8AA0210F01F0003D0012802D0D2
:10947000022800D0002294F89C02032808D1D4F8D6
:10948000B802016921B1C4F8D42201692046884795
:109490002046FFF7F3FD0AE0D4F8B802836933B140
:1094A000C4F8D422826920469047002800D10020C9
:1094B00070BD0020704710B50024012180F89C1277
:1094C000D0F8B82222B152680179904700B1032444
:1094D000204610BDD0F8C802FAF71DB810B50178C3
:1094E00039BB15490222C1F8E004C0F8C8124FF098
:1094F000A040086004200871CA71002088714A7277
:109500008872C87208738873C8730846FAF762FBDA
:1095100008B1F8F76AFF80210748F9F75AFF40229F
:1095200000210548F9F759FF802201210248F9F787
:1095300054FF002010BD0000482B00200A0601F057
:109540007F01D0F8C80201EBC10100EB810001D519
:10955000807D704790F85602704710B5D0F8D4223D
:1095600000EB8202D2F8B82222B190F89C32032B91
:1095700002D004E0032010BD126A02B1904700201F
:1095800010BD10B5D0F8D42200EB8202D2F8B82278
:1095900022B190F89C32032B02D004E0032010BDCE
:1095A000526A02B19047002010BD10B51C46134608
:1095B000D0F8C8022246F9F7B7FFBDE81040FFF720
:1095C000A5BE10B5D0F8C802F9F7DFFFBDE810401E
:1095D000FFF79CBE2DE9F04100260125044680F8E6
:1095E0009C52C4F894626660C4F8A46280F8A062D9
:1095F000D0F8B80230B1426822B10021204690472D
:1096000000B103260022402311462046FFF7CDFF7C
:109610004027A4F864513B46002280212046C4F82C
:109620006071FFF7C2FFA58430462762BDE8F08174
:1096300090F89C12042903D190F89D1280F89C1296
:109640000020704710B590F89C12032905D1D0F87E
:10965000B81211B1C96901B18847002010BD017469
:109660000020704710B5D0F8C802FAF779FBBDE8C2
:109670001040FFF74BBE70B5044600F2AA20054625
:1096800000F051F80120C4F89402B4F8B002C4F814
:10969000980294F8AA0210F01F010AD001290ED0F6
:1096A000022912D000F080012046BDE8704000F091
:1096B00012B829462046BDE8704000F0CFB82946D0
:1096C0002046BDE8704000F00FBA29462046BDE8AC
:1096D000704000F059B910B5D0F8C802F9F771FF21
:1096E000BDE81040FFF712BE10B5D0F8C802FAF777
:1096F00051FBBDE81040FFF709BE90F89C12042909
:1097000003D090F89C1280F89D12042180F89C12DE
:109710000020704710B5D0F8C802F9F78BFFBDE8FC
:109720001040FFF7F3BD70B5054611F8010B287026
:10973000087868704C1C2046FEF719FE6880A41C4F
:109740002046FEF714FEA880A01CFEF710FEE8805D
:1097500070BD38B504460020ADF80000A1B1C4F8D2
:10976000B812D4F8D40204EB8000D0F8B802C16A71
:1097700019B168468847C4F8D002D4F8D802401C12
:10978000C4F8D802002038BD032038BD02460020AE
:10979000D2F8B832002B02D01B6810461847704729
:1097A0002DE9F04188462B4E89780025044631701A
:1097B000012906D941462046FFF72EFC0320BDE8CB
:1097C000F08194F89C02022702280CD003281DD0B7
:1097D00041462046FFF720FC31782046FFF7FEFB8C
:1097E00003252846EBE789B320466160FFF7CEFFEB
:1097F000050004D041462046FFF70EFC1DE0204640
:10980000FFF73CFC032084F89C02EAE7C1B16068E2
:1098100088421BD0C1B22046FFF7E0FB31782046DA
:109820006160FFF7B3FF050010D041462046FFF707
:10983000F3FB21792046FFF7D1FB84F89C72D0E737
:1098400084F89C7220466160FFF7C8FB2046FFF752
:1098500015FCC6E77C000020FFF746BF2DE9F0416C
:109860000A78002512F060020CD0202A01D0402A8C
:109870007DD1D0F8D42200EB8202D2F8B8229268CF
:10988000904731E04B78002201260A2B6FD2DFE8A7
:1098900003F041666E586E08056E2D29FFF76EFCC9
:1098A00067E004468888D8B9C888C8B9488880283D
:1098B00016D200F07F0794F89C02032810D084F899
:1098C0009E7239462046FFF7CDFE2046FFF7D6FBB5
:1098D0001FB1022084F89C024BE084F89C6248E0AF
:1098E000204644E0FFF75CFF054642E0CB88012BB1
:1098F0003DD190F89C32012B04D0022B02D0032BD7
:1099000035D104E08260012200F1080116E0012255
:10991000011D13E090F89C22012A03D0022A01D0F5
:10992000032A24D1CA88022A21D1C660D0F8A41201
:1099300009B10321C160022200F10C01FFF791FB84
:1099400017E04A88012A02D0022A03D00FE0C0F8AB
:10995000A46216E08988090A80F8A01211E090F844
:109960009C32012B08D0022B06D0032B04D0FFF72A
:1099700053FB2846BDE8F08149880129F9D1C0F898
:10998000A422FFF77BFBF4E72DE9F04105460878B8
:109990000C790E464FF0000810F060000BD0202824
:1099A00001D040286AD121462846FFF721FBFF2835
:1099B00000D0D8B395E07078C8B3012824D003282C
:1099C0005CD195F89C02022802D0032856D10CE005
:1099D000002C53D0802C51D021462846FFF77BFE27
:1099E00080212846FFF777FE7BE0708840B93CB1C4
:1099F000802C05D0C88818B921462846FFF76BFE91
:109A00002846FFF73BFB6CE095F89C020228DFD06C
:109A1000032863D1708880BB600603D021462846A6
:109A2000FFF793FC2846FFF729FBBCE700E00AE0BC
:109A3000C5F8D402D5F8B8028268F2B1314628469A
:109A4000904780464DE095F89C020027022802D0FE
:109A5000032843D113E00CB1802C3FD1200604F041
:109A60007F0000EB800005EB800101D5143101E09F
:109A700001F5AA7102220F602CE032E02EE02006F0
:109A800004F00F0000EB800005EB800009D5808C0E
:109A900020B304F07F0000EB800005EB8006143655
:109AA0000AE0B0F86401C8B104F07F0000EB800068
:109AB00005EB800606F5AA764CB1802C07D021462E
:109AC0002846FFF73BFD10B10120306000E0376011
:109AD000022231462846FFF7C4FA02E02846FFF783
:109AE0009BFA4046BDE8F08170B505460878002431
:109AF0000E4610F0600003D0202801D0402827D166
:109B000095F89C02012803D0022801D003281FD118
:109B1000B088C1B201291AD8C1B22846FFF76AFA43
:109B2000FF280CD058B9D5F8B8128A683AB1C5F8F0
:109B3000D4028A68314628469047044600E0032450
:109B4000F088204307D12846FFF798FA03E0314612
:109B50002846FFF761FA204670BD704700487047FD
:109B60002829002070B50A78012302F00F054E78ED
:109B7000AB401B4CD0F81C58012E17D045EA0343CC
:109B8000C0F81C3800EB4210D0F8002B12040BD4A4
:109B9000D0F8002B0B890979C3F30A031A4344EA6E
:109BA00081410A43C0F8002B002070BD9BB21D43C9
:109BB000C0F81C5800EB4210D0F800391B04F3D455
:109BC000D0F800390D890979C5F30A0589042B43BA
:109BD00041EA82510B432343C0F80039E4E7000017
:109BE00000800010D0F800196FF30A01C0F80019C6
:109BF000D0F8041841F48071C0F8041800207047B0
:109C000070B50D460446C2F3072104981E4601298B
:109C10001BD0E06840F04000E060204600F032F8E1
:109C2000C6F307210029A16B26D021F48031A1635E
:109C3000C5F30741012907D1A16841F00601A160E0
:109C4000A16841F02001A16070BDA16B21F48031B9
:109C5000A163E1680A4A1140E160E16821F4401122
:109C6000E160C0B2012803D1E06840F48010E060F8
:109C7000204600F007F8DBE741F48031D7E7000029
:109C8000BFFFBDFF08B500214FF070620091009B3F
:109C90005B1C009393420CD80369002BF7DA009108
:109CA000016941F0010101610099491C0091914253
:109CB00001D9032008BD0169C907F5D1002008BDFD
:109CC00030B54C780A78012300EB4212012C2CD0DD
:109CD000D2F8004B002C0BDAD2F8004B44F00064B1
:109CE000C2F8004BD2F8004B44F08044C2F8004B5D
:109CF000D0F83C580C7804F00F0403FA04F425EA79
:109D00000444C0F83C48D0F81C48097801F00F0121
:109D10008B4024EA0341C0F81C18D2F8000B194903
:109D20000840C2F8000B002030BDD2F80049002CDA
:109D30000BDAD2F8004944F00064C2F80049D2F8C6
:109D4000004944F08044C2F80049D0F83C480D78FE
:109D500005F00F0503FA05F5ADB2AC43C0F83C4879
:109D6000D0F81C48097801F00F018B4099B28C4360
:109D7000C0F81C48D2F8000903490840C2F800099D
:109D8000D1E700000078F3EF007833ECD0F8001E44
:109D900021F00301C0F8001ED0F8041821F00201E0
:109DA000C0F8041800207047D0F8001E21F003010D
:109DB000C0F8001ED0F8041841F00201C0F80418E1
:109DC000002070472DE9F04F00250E460446174647
:109DD0002846294604EB8002C2F80411401C0F28D3
:109DE000F8D3C3F307405FEA0009204616D0806B22
:109DF00020F40012A263A06B40F40022A263084684
:109E000088462146C4F8000EC7F30720012817D062
:109E10000846D1F8001841F0030118E0D0F8040812
:109E200040F00202C4F80428A06B40F40012A263C0
:109E3000A06B20F40022A263A06B20F48022DDE757
:109E4000300E0846D1F8001801D041F00101C0F8E9
:109E50000018102100F08BFA00B10125204600F017
:109E60006AFA00B101254046C4F81088C4F8148885
:109E7000C4F81C8800214FF0006B4FF0904E4FF655
:109E80007F3AF2B215E000BF04EB4113D3F800C9EA
:109E9000BCF1000F06DA11B1C3F800E904E0C4F820
:109EA00000B901E0C3F80009C3F81009C3F808A914
:109EB000491C8A42E8D8002115E000BF04EB411399
:109EC000D3F800CBBCF1000F06DA11B1C3F800EBF8
:109ED00004E0C4F800BB01E0C3F8000BC3F8100BAA
:109EE000C3F808AB491C8A42E8D8D4F8101821F40A
:109EF0008072C4F81028A0616FF080406061C6F3E2
:109F0000074018B9A06940F01000A061A0690A4993
:109F10000843A061C7F3074018B1A06940F00800EA
:109F2000A061B9F1010F03D1A06904490843A06100
:109F30002846BDE8F08F000000383C800400004057
:109F4000816821F0010181600020704710B5036C29
:109F5000134CA34203D9D0F8003B002B1EDB002397
:109F6000C0F8103BD0F8103B43F40023C0F8103B7E
:109F7000D0F8103B43F01803C0F8103BD0F8103B6A
:109F800043F0C043C0F8103B012907D1C0F8142B9F
:109F9000D0F8001B41F08021C0F8001B002010BD4C
:109FA0000A30544F4A780B78012A00EB43100BD04B
:109FB000D0F8002B22F40012C0F8002B09790329F5
:109FC00014D0022912D017E0D0F8002922F4001290
:109FD000C0F800290979032901D002290CD1D0F851
:109FE000001941F08051C0F8001905E0D0F8001BBD
:109FF00041F08051C0F8001B002070470A784B7870
:10A00000D1B200EB4110012B12D0D0F8001B002977
:10A0100006DB2AB1D0F8001B21F08041C0F8001BFC
:10A02000D0F8001B41F40011C0F8001B002070475D
:10A03000D0F80019002906DB2AB1D0F8001921F068
:10A040008041C0F80019D0F8001941F40011C0F89F
:10A050000019EBE7F8B50C784F788B4DE3B26FF051
:10A06000604600EB4313012F29D0D3F8107B6FF328
:10A070001207C3F8107BD3F8107B2F40C3F8107B76
:10A08000002C7DD00D69002D7BD08C6825446D1E81
:10A09000B5FBF4F5ADB26C430C62D3F8104B06EA95
:10A0A000C5452C43C3F8104BD3F8104B0D6AC5F3CC
:10A0B00012052C43C3F8104B012A70D0CBE00F6976
:10A0C000EFB1D3F810796FF31207C3F81079D3F812
:10A0D00010792F40C3F810790CB30F698D682F44A5
:10A0E0007F1EB7FBF5F5D3F81079ADB206EAC54689
:10A0F0003743C3F810790E79012E1CD02AE0D3F82B
:10A1000010692E40C3F81069D3F8105945F40025A2
:10A11000C3F81059D3F810596FF3120520E00E69F7
:10A120008D68AE4200D90D61D0F8105945F4002673
:10A13000C0F810690EE0D3F8106926F0C046C3F8E5
:10A140001069D3F810694FF0C04707EA45752E43F0
:10A15000C3F81069D3F810590E69C6F312063543D7
:10A16000C3F81059012A1BD000EB4413D3F800495F
:10A1700044F00444C3F800490C79012C31D001E0CB
:10A1800044E057E00A695AB3D0F83428097801F05E
:10A190000F03012199400A43C0F8342871E056E0CA
:10A1A000CA691AB100EB4413C3F8142909790129CB
:10A1B0000ED1D0F80818C90500EB4411D1F80029D8
:10A1C00002D442F0005201E042F08052C1F800296E
:10A1D00000EB4410D0F8001941F00441C0F8001918
:10A1E0004FE0D0F80848E405D3F8004902D444F021
:10A1F000005401E044F08054C3F8004900920A8AF8
:10A2000093B20A78C96800F0DFF93AE00C690CB142
:10A210008C680C618C680C62D0F8105BC4F312047B
:10A220002543C0F8105BD0F8104B44F40024C0F86C
:10A23000104B41E7D3F8104B8D68C5F312052C4342
:10A24000C3F8104BD3F8104B44F4002432E7CA682B
:10A250000AB1C3F8142B097901290CD1D0F80808E8
:10A26000C005D3F8000B02D440F0005001E040F0EC
:10A270008050C3F8000BD3F8000B40F00440C3F843
:10A28000000B0020F8BD0000FFFF07E038B50022FA
:10A29000009213464D780A7842F2107400EB421295
:10A2A000012D19D0D2F8005B002D3CDAD2F8005B0A
:10A2B00045F00065C2F8005B0A7800EB4212D2F864
:10A2C000005B45F08045C2F8005B009A521C00928A
:10A2D000A24221D9012326E0D2F80059002D22DA2A
:10A2E000D2F8005945F00065C2F800590A7800EB31
:10A2F0004212D2F8005945F08045C2F80059009A40
:10A30000521C0092A242E5D80A7800EB4212D2F821
:10A310000029002AF3DB06E00A7800EB4212D2F8AB
:10A32000002B002AD1DB184638BD816841F00101BD
:10A3300081600020704708B500214FF070620091E5
:10A34000009B5B1C009393420AD80369002BF7DA49
:10A350000091102101610099491C0091914201D99D
:10A36000032008BD0169C906F5D4002008BD18B551
:10A3700000224FF070630092009C641C00949C4289
:10A380000CD80469002CF7DA0092202242EA8111ED
:10A3900001610099491C0091994201D9032018BD1F
:10A3A00001698906F5D4002018BDD0F8080810F01E
:10A3B000060004D0022803D0062801D00F207047E1
:10A3C00002207047406900F001007047D0F818186B
:10A3D000D0F81C08084080B27047D0F81818D0F8A0
:10A3E0001C080840000C704710B5D0F81038D0F8A1
:10A3F000342801F00F0400EB4110E24002F00102AA
:10A40000D0F8080943EAC212104010BD00EB411118
:10A41000D1F8081BD0F814080840704741698069DA
:10A420000840704730B503460846940802F003011F
:10A43000002203F5805303E01D6840F8045B521CC2
:10A44000A242F9D300290BD01C680022D50024FABF
:10A4500005F3491E521C090400F8013B090CF5D113
:10A4600030BD70B50446C068002520F0C040E060F3
:10A47000012901D079B120E0E06840F00050E060AF
:10A480000A20F8F7E7FD60690A3510F0010F10D1D6
:10A49000C82DF5D30DE0E06840F08040E0600A2070
:10A4A000F8F7D8FD60690A3510F0010F01D0C82D0A
:10A4B000F5D3C82D01D0002070BD012070BDD0F8AB
:10A4C000002822F4FE62C0F80028D0F800284FF4DB
:10A4D000FE6303EA01110A43C0F800280020704718
:10A4E000022A3ED1264A274B0A449A4201D20F2122
:10A4F00038E0254A254B0A449A4201D20E2131E028
:10A50000234A244B0A449A4201D20D212AE0224ACE
:10A51000224B0A449A4201D20C2123E0204A214BCB
:10A520000A449A4201D20B211CE01F4A1F4B0A44E5
:10A530009A4201D20A2115E01D4A1E4B0A449A4252
:10A540000FD31D4A1D4B0A449A4201D2082109E04B
:10A550001B4A11441B4A914201D2072102E0062105
:10A5600000E00921C26822F47052C260C2684FF450
:10A57000705303EA81210A43C26000207047000043
:10A58000405327FF00350C00401E1BFF40420F00C8
:10A5900000DC0BFF804F1200808CF9FE20D61300E8
:10A5A00060B6E5FE60E3160000D3CEFE40771B00E8
:10A5B000C05BB3FEC091210000CA91FE2075380037
:10A5C000E05459FEE09C410010B5029C74B9DB1CBC
:10A5D0009C0800EB0230002300F5805004E000BF2F
:10A5E00051F8042B02605B1CA342F9D3002010BD7C
:10A5F000FEE7002240F8022F4260027200F8022CAF
:10A60000C2600261817242617047A521C172017B03
:10A61000522901D0422900D101730F210B30F7F7E5
:10A620008BB800000173F1EE600A10EE901ADFEDB6
:10A63000060A40F80E1F30EE200A10EE101A416094
:10A6400011EE101A8160704700003443407800F02A
:10A6500001020A70C0F340024A70C0F380028A709F
:10A66000C0F3C100C8707047264818B4006801687C
:10A67000890604D501684068009018BC70472249DB
:10A680000968C906F9D501684068204A0090106839
:10A6900001684FF032030C031D49046824F00104E3
:10A6A000046015D410684468C4F13204A4B20C806C
:10A6B00043601068016841F400210160106801687E
:10A6C00041F001010160192CD7D11249124815E05F
:10A6D00014686068C0F1320080B2088063600F497E
:10A6E0008B6A23F400238B6211680A6842F001022E
:10A6F0000A601928C1D107490748193118BCF7F772
:10A7000076BE00003C120020004800402C130020C0
:10A710004C030020183400204A340020006002401E
:10A7200030B5144B1C68656945F0400565611B68D0
:10A73000DC6844F01004DC600F4B1C68256825F0D1
:10A74000010525601C682568ED07F7D11D680B4CD5
:10A75000AC601C68E06018680161186842601868A5
:10A76000016841F4802101601868016841F001012D
:10A77000016030BD3C1200202C1300200448004032
:10A780004100080218BF04200A0E18BF40F0010063
:10A790004FF07F4232EA010108BF40F00200012879
:10A7A00008BF052070470907090E002804DB00F1E7
:10A7B000E02080F80014704700F00F0000F1E02066
:10A7C00080F8141D7047000010B510EE104A4FF0CD
:10A7D0001A402DED028B00EB4400B0F1C85F4AD85F
:10A7E0004FF0FC40B0EB440F22D2B0EEC00AF7EEBF
:10A7F000000A30EEC00AF6EE000A20EE208A18EEBB
:10A80000100A01F0DFFF00EE100A14F0004F1DBF28
:10A810009FED281ADFED280AB1EE400A9FED271AB6
:10A8200008BFF0EE410AF8EE001A20EE210A05E01A
:10A8300020EE008A9FED221ADFED220ADFED221AB8
:10A840009FED222A70EEC00A20EE080A08EE212AA7
:10A85000DFED1F1A48EE021A9FED1E2A08EE212A8C
:10A86000DFED1D1A48EE021ABDEC028B40EE610AC4
:10A8700030EE810A10BD4FF0CC40B0EB440F82BFE8
:10A880009FED160ABDEC028B10BD4FF07F40B0EB80
:10A89000440F05D2BDEC028BBDE8104000F089BA30
:10A8A000012000F0ADFABDEC028BBDE8104000F0D5
:10A8B00087BA00000000494022AA7D3A000000004B
:10A8C0000000C93F22AAFD3924FE1C3DC78AD83C9E
:10A8D0001E67383D1B93993DAFAA2A3EDB0FC93F47
:10A8E00010B54FF00E402DED028BB0EE408A18EE01
:10A8F000104A00EB4400B0F1506F4AD84FF0FC40D2
:10A90000B0EB440F22D2B0EEC80AF7EE000A30EEE8
:10A91000C00AF6EE000A60EE208A18EE900A01F0F6
:10A9200051FF01EE100A14F0004F1DBFDFED2D0A9C
:10A930009FED2D0AB1EE411ADFED2C0A08BF9FED05
:10A940002C0AF8EE001A21EE218A05E0DFED290A33
:10A9500068EE088AB0EE600A9FED271ADFED271A2D
:10A9600030EE080A48EE811A9FED251A08EEA11A6A
:10A97000DFED241A48EE811A9FED231A08EEA11A82
:10A9800068EE281ABDEC028B01EE810A30EE200A37
:10A9900010BD4FF0E440B0EB440F0CD918EE100A94
:10A9A000FFF7EEFE042808BF00F012FAB0EE480AE6
:10A9B000BDEC028B10BD4FF07F40B0EB440F07D2CF
:10A9C000B0EE480ABDEC028BBDE8104000F0F1B9D2
:10A9D000012000F015FABDEC028BBDE8104000F03C
:10A9E000EFB900000000C9BF22AAFDB90000C93FAD
:10A9F00022AAFD390000000024FE1C3DC78AD83C75
:10AA00001E67383D1B93993DAFAA2A3E10EE100AEF
:10AA100010B510EE901A4FF0684202EB40032DED96
:10AA2000028BB3F1654F3CBF02EB4102B2F1654FBF
:10AA30007CD200BFC0F3C753C1F3C7529A1A1B2A76
:10AA400009DD10F0004F14BF9FED6E0A9FED6E0AF6
:10AA5000BDEC028B10BD12F11A0F1BDA11F0004F82
:10AA600009D010F0004F0CBF9FED680A9FED680AF7
:10AA7000BDEC028B10BD80EE208A18EE100AFFF7A5
:10AA80007FFE042808BF00F0A3F9B0EE480ABDEC31
:10AA9000028B10BD4200B2EB410F37D910F0004FCE
:10AAA00019BFDFED5C1A9FED5C1ADFED5C1A9FEDBC
:10AAB0005C1AB0EE602A0A46F1EE400A80F00041CE
:10AAC000B0EE420A10460A1A5200B2F1807F34D228
:10AAD000484010F0004FDFED532A9FED533A1DBF61
:10AAE000BEEE002A71EEE21A31EE431AB6EE002AEB
:10AAF00004BF71EEA21A31EE031AF0EE402A42EEC4
:10AB0000602A40EE020A82EEA02A18E011F0004FFF
:10AB100004BF9FED461AF0EE411AD4D010F0004F5A
:10AB20001CBFDFED431A9FED431A00E026E004BF8F
:10AB3000DFED411A9FED411AC5E780EE202A22EE93
:10AB4000020ADFED3F0ADFED3F2ABDEC028B40EE4B
:10AB5000202ADFED3D0A40EE220ADFED3C2A40EEDE
:10AB6000202ADFED3B0A40EE220A22EE000A00EE28
:10AB7000201A31EE020A30EE210A10BD4FF07F425A
:10AB8000B2EB400F28BFB2EB410F05D2BDEC028BF8
:10AB9000BDE8104000F010B940EA01035B0008BFB7
:10ABA00041F0FF410BD0B2EB400F08BFB2EB410FB9
:10ABB00008D120F0804000EE100A21F0804100EE24
:10ABC000901A37E7B2EB400F12BF5FEA410240F044
:10ABD000FF4001F000413FF42DAF4A0092EA4003EC
:10ABE0003FF528AF002AACBF9FED1A1A9FED1A1A45
:10ABF00020EE010A60EE810A10EE100A10EE901AA3
:10AC000018E70000DB0FC9BFDB0FC93FDB0F49406E
:10AC1000DB0F49C00000C9BF22AAFDB90000C93F2F
:10AC200022AAFD390060ED3EC30ACE3700000000C5
:10AC3000000049C022AA7DBA0000494022AA7D3AFC
:10AC40002DAD65BD8FB8D53D0FB511BE61C84C3E69
:10AC5000A8AAAABE0000804F0000802F00000000BC
:10AC60002DE9F0412DED020B9FED3D0B2DED028BFB
:10AC70009FED3D8BDDE90254C4F30A50A0F2FF368C
:10AC8000142E37DA002E18DA53EC102B9DED020B40
:10AC900051EC100BF6F73BF853EC182BF6F788FA4B
:10ACA00057D2002CBCBF4FF00044002551DB54EAC2
:10ACB000050018BF2E4C1BD14BE02E4820FA06F79A
:10ACC00004EA070028431FD053EC102B9DED020B24
:10ACD00051EC100BF6F71BF853EC182BF6F768FA4B
:10ACE00037D2002C03DD4FF48010F0400444BC4305
:10ACF00000252EE0332E07DCA6F114004FF0FF31C3
:10AD000021FA00F73D4206D19DED020BBDEC028B0E
:10AD100002B0BDE8F08153EC102B9DED020B51EC1D
:10AD2000100BF6F798F853EC182BF6F741FA10D2FF
:10AD3000002C0DDD142E08BF641C09D0C6F13400B0
:10AD4000012101FA00F02844A84238BF641C0546DE
:10AD5000BD43CDE902549DED020BD7E70000000092
:10AD60009C7500883CE4377E000000000000000075
:10AD70000000F03FFFFF0F0010B52DED028BB1EE8C
:10AD8000C08A18EE100A20F00040C0F1FF40C00F4A
:10AD90000AD010EE100A20F00040C0F1FF40C00FB2
:10ADA00004BF012000F02CF8B0EE480ABDEC028B85
:10ADB00010BD30EE000A704730EE200A70470000E8
:10ADC000DFED020A80EEA00A7047000000000000DC
:10ADD0009FED020A20EE000A7047000000000010FC
:10ADE00002E008C8121F08C1002AFAD17047704754
:10ADF000002001E001C1121F002AFBD170470000B2
:10AE00000149086070470000A803002070B5F6F7FC
:10AE10002DFA8020F6F78CFB5520F6F789FB55209C
:10AE2000F6F786FB424C2070F6F718FA0120F8F787
:10AE300011F9F6F71BFA8020F6F77AFB5520F6F7A2
:10AE400077FB5520F6F774FB2070F6F707FA012020
:10AE5000F8F700F9F6F70AFAB6217E20F6F77AFB42
:10AE6000F6F7FCF95020F8F7F5F8F6F7FFF980202F
:10AE7000F6F75EFB5520F6F75BFB5520F6F758FB1F
:10AE80002070F6F7EBF90120F8F7E4F8F6F7EEF9A1
:10AE90008020F6F74DFB5520F6F74AFB5520F6F7D4
:10AEA00047FB2070F6F7DAF90120F8F7D3F820789D
:10AEB0001E2801D0FF2070BD1D4D0020607024357C
:10AEC000F6F7D4F9607800EB40004119285C497826
:10AED000F6F740FBF6F7C2F90120F8F7BBF8F6F7F2
:10AEE000C5F9607800EB4000285C40F08000F6F780
:10AEF0001FFB5520F6F71CFB5520F6F719FB2070B9
:10AF0000F6F7ACF90120F8F7A5F86078237800EBA4
:10AF1000400129444A789A4203D08978A2781143A3
:10AF2000A170401CC0B260700628C9D3002070BD5B
:10AF3000F402002070B5F6F7A9F93C490020F6F7B5
:10AF4000EBFAF6F79BF90120F8F784F8F6F79EF98B
:10AF500036490020F6F7E0FAF6F790F90120F8F705
:10AF600079F8F6F793F9B6211420F6F7F3FAF6F725
:10AF700085F95020F8F76EF8F6F788F92B4900208C
:10AF8000F6F7CAFAF6F77AF90120F8F763F8F6F758
:10AF90007DF926490020F6F7BFFAF6F76FF9012090
:10AFA000F8F758F8214C20780F2801D0FF2070BD09
:10AFB0001E4D002060703635F6F768F9607800EBBA
:10AFC00040004119285C4978F6F7C4FAF6F756F9BB
:10AFD0000120F8F73FF8F6F759F96078134900EBCC
:10AFE0004000285CF6F798FAF6F748F90120F8F7E0
:10AFF00031F86078227800EB400129444978914289
:10B000000BD0401EC0B20949607000EB40002431F3
:10B010000844A17880780843A0706078401CC0B2D2
:10B0200060700628C8D3002070BD0000F402002024
:10B030002DE9F0411E000B46DDE9061504464FF0F0
:10B0400002071AD094F858032A4600EB801004EB4C
:10B05000800030445030F5F736FE94F858037219EA
:10B0600000EB801004EB800090F84D10914201D16C
:10B0700080F84C700120BDE8F08194F84C6001200C
:10B080003EB194F8506186B194F85462DEB100206C
:10B09000F1E7002684F8586384F84C00A4F84E3099
:10B0A00084F84D2004F1500009E084F8580384F836
:10B0B0005001A4F8523184F8512104F5AA702A46AF
:10B0C000F5F701FED6E784F8587384F85402A4F823
:10B0D000563284F8552204F51670F0E770B58AB040
:10B0E000C36301600446828000250E464FEA0500D6
:10B0F00005EB851104EB81016D1CEDB281F84C006C
:10B10000032DF5D3A26008212061C4E905010121C6
:10B110000690CDE90701134D0E2200900190029098
:10B120000390AE4201D10D2503E00F4DAE4202D196
:10B130001B250595099213B1012B03D005E004905E
:10B14000022001E010200491206469463046F7F7A0
:10B1500015FA3046216CF7F7A0F93046F7F77AFD7B
:10B160000AB070BDBC0D0020E40D00202DE9FC41AB
:10B170000446C16B04F1440300681E4604F120023A
:10B18000F7F783FA216C2068F7F787F9A188206A1E
:10B19000884248D301F16402904244D8314D88423C
:10B1A0002AD194F8451094F84420F4EE000A01EBFB
:10B1B00002218EB2AE80E88094F846702F70F81CA1
:10B1C00000EE100AB8EE400A20EE200A10EE100A37
:10B1D000F5F7E0FE41EC100BFFF742FD51EC100BD0
:10B1E000F5F7BFFE6880052104F14700CDE90001B5
:10B1F00000233A46314613E0EB88421E9A4220D1A2
:10B20000E8806A88531E0B4498420ED194F83000AF
:10B21000CDE900606FF00A0000EBC20083B20DE0E0
:10B220002046FFF705FFBDE8FC810822401A6FF0B9
:10B230000201CDE9006201EBC00083B22A78A9883F
:10B24000EEE7A868401CA860002028706880A880ED
:10B25000E88094F8581301EB811104EB810181F827
:10B260004C00E0E7400300202DE9F047D51C00EE3C
:10B27000105A04469946F8EE400AB4EE000A174602
:10B280008A4620EE800A10EE100AF5F783FE41ECA4
:10B29000100BFFF7E5FC51EC100BF5F762FE00F028
:10B2A000FF08284600F0DAFC06464FEA1920307005
:10B2B00086F80190B7703A465146F01CF5F703FD49
:10B2C000002504F108092DE0A0882844A060684208
:10B2D00007EBC000C01C082800DB0820A061206824
:10B2E000F7F74DFA0028FAD0D4F800C0DCF80000D7
:10B2F0008168490103D506EBC50201230CE0816892
:10B30000090103D506EBC502022305E08068C000F1
:10B3100006D506EBC502042349466046F7F7CFF889
:10B320006D1CEDB24545CFD33046BDE8F04700F087
:10B33000F7B9000070B51A4C05460026607800EB9E
:10B34000801005EB800090F84C10022920D1B0F855
:10B350004E106FF480428A182146497801EB811122
:10B3600005EB810101F1500106D0B2F5804F0FD1FC
:10B3700090F84D200B4802E090F84D200A48F5F770
:10B38000A2FC607800EB801005EB800080F84C6038
:10B390006078401CC0B26070032800D1667070BD38
:10B3A00040030020A00D0020B00D002010B5044681
:10B3B0002DED028B9FED108AF6F718FC00EE100AB7
:10B3C000D4ED020AB8EE400A30EEC01AF0EE000AE0
:10B3D000B4EEC81AF1EE10FA04DD08EE200ABDEC56
:10B3E000028B10BDDFED051AB4EEE11AF1EE10FA92
:10B3F000F5D808EE600AF2E700008045000080C53D
:10B400008169826A00EE101A00EE902A20EE200A6E
:10B41000B5EEC00AF1EE10FA4ADD00EE101AB5EEF4
:10B42000C00AF1EE10FA00EE101A01DCB1EE400A8B
:10B43000436D00EE903AB4EEE00AF1EE10FA37D91F
:10B44000026D00EE903A00EE102A70EE200A00EE37
:10B45000101AB5EEC00AF1EE10FA00EE101A01DC77
:10B46000B1EE400AF4EEC00AF1EE10FA1EDB00EE77
:10B47000101A00EE902AB5EEC00AF1EE10FA00EEB6
:10B48000101A01DCB1EE400A016B70EEC00A00EE4A
:10B49000103A30EE801A00EE102AC1EE000A00EEDB
:10B4A000101A20EE800A10EE101A00E0002101634D
:10B4B0007047000070B50446D0F8945000F1620265
:10B4C000B0F860300169D0F89000D5B1022B36D9C0
:10B4D00000EE101AF1EE400A00EE100A1046FCF7DA
:10B4E00097F9E06800EE900AD4F89400806801EEC5
:10B4F000100A70EE810A00BF20EE200A10EE100A3A
:10B500001BE0022B0CD900EE101AF1EE400A00EEFF
:10B51000100A1046FCF77CF9E06800EE900AEBE7B1
:10B52000626900EE101A00EE902AE16870EEC00A1F
:10B5300000EE101A20EE801A12E0E06270BDE268A0
:10B5400000EE102AAA6800EE902A626930EE201AF6
:10B5500000EE902A00EE101A30EEC00A21EE001A1A
:10B5600000EE100AC1EE000A10EE900AE5E7026B49
:10B57000816A00EE902A00EE101A426A70EE200AEC
:10B5800001EE102A00EE101AC26A31EE001A00EE27
:10B59000102A31EE000AB5EEC00AF1EE10FA01DC15
:10B5A000B1EE400A026C01EE102A0022B4EEC10A8C
:10B5B000F1EE10FA0CDD836900EE101A01EE103A7C
:10B5C00021EE000AB5EEC00AF1EE10FA00DD0263CA
:10B5D000416C00EE101AB4EEE00AF1EE10FA01D25E
:10B5E0000263816200EE101AB1EE400AB4EEE00A86
:10B5F000F1EE10FA07DD00EE101A0263B1EE400A18
:10B6000010EE101A81627047EFF3108172B6436832
:10B6100002699A4201D90268026112F8013B026193
:10B620008268521C8260C268521E81F31088C26018
:10B63000184670478B185B1E0160C0E9013200227A
:10B64000C0E903214161104670472DE9F0475FEAE8
:10B6500001080546EFF3108672B62FD0AC686CB3C4
:10B6600069686869884201D928686861944200DD88
:10B6700014460F1A7F1CA74206DB22464146F5F707
:10B6800022FB686920440DE0A4EB07093A464146D5
:10B69000F5F719FB08EB07014A462868F5F713FB95
:10B6A000286848446861A868001BA860E8682044CE
:10B6B000E860204686F31088BDE8F08786F310889E
:10B6C0004FF0FF30F8E7C0687047F6EE000A30EE42
:10B6D000200ABDEEC00A10EE100A00B27047B4EEA8
:10B6E000E00AF1EE10FA02D2B0EE600A7047B4EE52
:10B6F000C10AF1EE10FAF9DDB0EE410A7047FDEE35
:10B70000C00A10EE900A00EE900AF8EEE00A30EE61
:10B71000600A10EE101AB1F17C5F00DD401C70472A
:10B7200010B5002821D0114B0022001F196803E03A
:10B73000814203D80A4649680029F9D152B11368F9
:10B74000841A9C4204D1006818441060104602E03C
:10B75000506000E0186039B102680B1A934203D1BF
:10B760000B681A4402604968416010BDA0030020C4
:10B7700010B558B1084C491E0BD310F8013B53408B
:10B78000DBB234F8133083EA1222F4E74FF6FF708D
:10B7900010BD104610BD0000B0CA000810B5054C21
:10B7A00004E000BF10F8013B5340E25C491EF9D2AF
:10B7B000104610BDB0C9000880E80E0000210173DA
:10B7C0007047000010B504462DED028BF0EE608A44
:10B7D000007BB0EE408AD8B1012823D002282BD0BC
:10B7E000032830D16068F6F7F2F9A068F6F7EFF9B0
:10B7F000B0EE680AA068F6F7F7FB00BFD4F80400C3
:10B80000B0EE480ABDEC028BBDE81040F6F7ECBB89
:10B810006068F6F7D9F9A068BDEC028BBDE810406E
:10B82000F6F7D2B96068F6F7CFF96068F6F7CFF9A6
:10B83000B0EE680AA068E5E7A068F6F7C5F96068A9
:10B84000F6F7C5F9DAE7BDEC028B10BD70B5294DEE
:10B850000024294E6C612C76C5F819406C7746F8A7
:10B86000214F254874603481B47205F8014B2021C2
:10B870002C30F5F741FA1F48C5F81D400C3085F80B
:10B8800021400460801F0D21048084701A482C819F
:10B89000AC724C30F5F730FA174810215930F5F7F3
:10B8A0002BFAB464F4643465C5F82240EC84A5F83E
:10B8B00003402C70C5F83A40EC870E4885F84040AC
:10B8C000AC621030AC8504600B48C5F82E406C8625
:10B8D00028217530F5F710FA07486C632C871A2178
:10B8E0009D30F5F709FA0448803040F8374F44603E
:10B8F000846070BD5C030020F83C002010EE100A4C
:10B90000F6EE000A074960EE200AA1EB600000EEA7
:10B91000100A20EE801AF7EE080A41EE400A20EEE7
:10B92000800A7047865A375F1CB5F7F7BFFCFCF7F3
:10B9300025FDFBF73BFCFBF7F3FBFBF7A9FBFBF754
:10B94000CBFBFBF777FDFBF791FDFBF7F7FEFBF772
:10B95000D9FEFBF715FFFBF747FDFBF72DFFFBF7C4
:10B9600029FDFBF7D1FCFBF7F3FCFBF701FEFBF72E
:10B97000A3FEFBF797FDFBF749FEFBF769FE0022EC
:10B980009B499C48F6F73CF900249A48012322463B
:10B9900040F20921C0300094F6F7D2F99548964953
:10B9A000C030F6F7BCFA9348944BC83000F124013C
:10B9B000CDE90010002218310838F6F78BFA9048CC
:10B9C000904B00F64C01CDE90010A0F1500100228F
:10B9D000DC38F6F77FFA8A490C31A1F1E800F6F776
:10B9E000C3F884498348C031F6F7BCF941F23E60A0
:10B9F000009083480123002240F207211030F6F71F
:10BA00009FF97F4880491030F6F789FA7C487F4BD0
:10BA1000183000F62C01CDE9001000F13C010022A5
:10BA20000838F6F757FA7648794BEC3000F2647133
:10BA3000CDE90010A0F150010022DC38F6F74AFAF7
:10BA40006F49F831A1F1E800F6F78EF86C496948C2
:10BA50001031F6F787F96A4800226E49FC30F6F794
:10BA6000CFF80023012240F201216B480094F6F741
:10BA700067F96948694B083000F10801CDE9001009
:10BA8000002234310838F6F725FA63496248DC3180
:10BA9000F6F76AF86049A1F1C000F6F763F95E486D
:10BAA00000231A464FF40171EC300094F6F748F980
:10BAB00059485A4BF43000F10801CDE9001000223A
:10BAC00034310838F6F706FA5549A1F1DC00F6F7EB
:10BAD0004BF85349DC39A1F5D670F6F743F95048D5
:10BAE00000231A4640F2032110300094F6F728F99B
:10BAF0004B484C4B183000F10801CDE900100022F2
:10BB000034310838F6F7E6F94549EC31A1F1DC00AB
:10BB1000F6F72AF842491031A1F52670F6F722F916
:10BB2000374B34491033A3F1EC0201F6C810FFF78C
:10BB300043FE3B480A211030CDE90001A0F1EC02A0
:10BB4000A0F52671DFED380A9FED380A324BEC3054
:10BB500000F028FD01239A0225493548FFF7BEFA77
:10BB6000334842212838FEF744FD3248F5F796FB6A
:10BB700000F050FE022000F045FE2F491922A1F1ED
:10BB80001900FEF7CDFD00212C48F9F7B5F92C4836
:10BB9000F8F77CFF2A4800F0A7F82A48F8F776FF64
:10BBA0002948F8F773FF2948F8F770FF2848F8F795
:10BBB0006DFF2848F8F76AFF2748F8F767FF1C4C25
:10BBC0000C3C0120F7F746FA1A48D4ED020A94ED2E
:10BBD000010A1038FFF7F6FD164821781038F6F7FD
:10BBE0005AFC1348503800F0EFFC00F01FFEE8E765
:10BBF000BC0D0020AC0300207D6500082001002062
:10BC0000480500200C010020ADB3000848010020C9
:10BC100034010020E40D0020040700205C01002016
:10BC2000CC080020700100200050A04500C0DA457B
:10BC3000180A0020840D002031340020240F002039
:10BC400044100020B40F0020FC0F0020D41000206E
:10BC50001C11002064110020AC110020F0B50B3045
:10BC6000154D20F007010024144A0FE003688B42B1
:10BC70000BD38B4205D95E1A43184768C3E90067A6
:10BC800000E04368136002C004E0021D1068002851
:10BC9000ECD12046002802D1286808B10020F0BD70
:10BCA000064A07481060074A121A22F00702C0E944
:10BCB000002401202860D7E7A4030020A00300206F
:10BCC000C43D0020C04D00200EB503468DEC030A94
:10BCD000F0EE420AB0EE610A6A46FCF785FA1846B1
:10BCE000FCF762FA0EBD00001CB50446FFF7AEFD7E
:10BCF0000B494FF48062A1F11800FFF79BFC094843
:10BD00004FF40071CDE90001A0F50073064A074920
:10BD1000074800F0A5F92046BDE81C40F8F7B6BE7C
:10BD20009038002078360020EC1300208C1300207F
:10BD3000841200201F4818B40068C00637D51E487A
:10BD400001680A6849680091C16B09680A681B4B61
:10BD500012030A684FF4007422F001020A60C16BFA
:10BD600009684A68C2F5007292B25A804C60C16B91
:10BD700009680B680CD443F400230B60C06B0068A7
:10BD8000016841F0010101600D4901F580600BE09F
:10BD900023F400230B60C06B0068016841F00101CF
:10BDA0000160084901F5007018BCFFF74EBC18BCD3
:10BDB0007047000000140140841200205C03002042
:10BDC000783400207836002018B40021ADF8001037
:10BDD000604902684A6102790A76B0F80520ADF838
:10BDE000002092B2B2F5017F7FD02CDC5A4BB2F525
:10BDF000827F62D014DC032A53D007DC012A45D0AD
:10BE0000022A01D1C079087018BC7047A2F580726F
:10BE1000013A4BD0012AF7D1D0F80700C860F3E708
:10BE2000A2F58072053A4ED0FC2A54D0FD2A57D094
:10BE3000FE2AE9D150F8071F43F8691F416859608D
:10BE400080689860E0E740F20A24A2F20A23A24246
:10BE500068D008DCA2F20522052AD5D2DFE802F07C
:10BE60004A4D50595E00012B61D0022B64D0F72B54
:10BE700069D0FA2BC8D1384950F8072F803141F8E2
:10BE8000372F42684A6080688860BDE750F8071F16
:10BE900043F8211F4168596001891981807A98729D
:10BEA000B2E7C11D2C4820222C3050E0D0F80720EA
:10BEB00041F81E2FC07A0871A6E7B0F80720CA80A3
:10BEC000407A0872A0E7B0F80720A1F80920407A6C
:10BED000C87299E709E0C11D1F480D224C3036E0B9
:10BEE000C11D1D481022593031E050F8072F41F88C
:10BEF000232F25E0B0F8070023E0C079487083E7DE
:10BF000050F8072F41F83B2F82888A80807988710A
:10BF10007AE750F8072F41F8292F11E0D0F80700F1
:10BF2000086171E750F8072F41F82F2F08E0C11D75
:10BF30000948282275300AE050F8072F41F8352FBC
:10BF40008088888060E7C11D03481A229D3018BC94
:10BF5000F4F7B9BE5C030020F83C002070B5A526BC
:10BF60003D4C002571E03D48FFF74EFB94F88610EC
:10BF700006294BD2DFE801F003131D2D384DB042E6
:10BF80000AD1012184F88610B4F88710A31D4A1C39
:10BF9000A4F88720C85458E0A4F8875055E0A08042
:10BFA000B4F88710A31D4A1CA4F88720C8540220A7
:10BFB00017E0A188A31D41EA0021A180B4F88710F1
:10BFC0004A1CA4F88720C854A08877281ED20320D2
:10BFD00007E0B4F88710A31D4A1CA4F88720C854B2
:10BFE000042084F8860030E0B4F88710A31D4A1CB2
:10BFF000A4F88720C854B4F88700052825D1052166
:10C00000A01D00F051FC08B10520EAE784F8865035
:10C01000C2E7A288B4F887100932914204D2A31D66
:10C020004A1CA4F88720C854A188B4F887000931B5
:10C0300088420AD384F88650A4F88750A01D00F0E7
:10C0400015FC10B1A01DFFF7BFFE0448FFF73BFB36
:10C05000002888D170BD0000903C00207838002076
:10C06000F0B50468DDE90576656945F04005656170
:10C070000468656945F0800565610068C46844F03E
:10C080001004C4600868046824F0010404600868AF
:10C090000468E407F7D1DFF870C04FF4006460452E
:10C0A00002D919484C3804E0184DA84203D9164863
:10C0B000503804600AE0DFF854C0144DACF1600C55
:10C0C000B83D604501D9EC6000E0AC600868104CF8
:10C0D00084600868C360086807610868466008688B
:10C0E000036843F4802303600868016841F001019C
:10C0F00001601068016821F00101016010680168A9
:10C10000C907F7D18460F0BD58640240B8600240AE
:10C11000041401402DE9F05FFF484FF4C4612DED98
:10C12000088B4FF48067B0F90820F03A8A4200D3B8
:10C130000781B0F90620F03A8A4200D3C780B0F9EF
:10C140000420F03A8A4200D38780B0F90220F03A06
:10C150008A4200D34780F149DFF8C4A30A88DAF89D
:10C1600000104A63B0F91210A1F1F003DFEDED0AFF
:10C17000ED4ADFF8B8B3F2EE0E9AD2F8069052F814
:10C18000025FBAEE0EBA167ADFEDE98AE94AEA4CA6
:10C19000B3F5C36F92ED029A92ED018A7DD22178B8
:10C1A000042902D09FEDE50A04E0018AF02904D0B9
:10C1B0009FEDE30A84ED030A01E0C4ED030AB0F940
:10C1C0000810A1F2CE32652A09D3A1F5806101EBF6
:10C1D0008101490000EE101AB8EEC00A01E09FED9F
:10C1E000D70A804684ED010AB0F90600A0F2CE31EC
:10C1F000652909D3A0F5806000EB8000800000EE87
:10C20000100AB8EEC00A01E09FEDCC0ADFF824A3C3
:10C2100084ED020A9AF80000022801D003282ED1EA
:10C22000B8F90200A0F58060F4F78AFE9FEDC51B07
:10C2300053EC112BF4F712FE41EC1A0B18EE100A16
:10C24000F4F7A8FE53EC1A2BF4F761FDF4F7CEFED9
:10C25000CAF80400B8F9040040F264419FEDBB0A3B
:10C26000884203DD79EE400ACAED020AB0F5677F25
:10C2700005DADAED020A30EE800A8AED020AB8F930
:10C280000A00A0F5E0610F3905D1B1488078012896
:10C2900001D1CAE90195504600E05FE09AED010A3C
:10C2A000AC4A10EE101A914203DD30EE680A80EDC0
:10C2B000010AB5EEC00AF1EE10FA03D230EE280AF8
:10C2C00080ED010AA44A8168914201DDC0ED029A25
:10C2D000A24A8168914201D980ED02BA8E49B8F92B
:10C2E00014304FF4CD79A3F1F002B1F90E104A45A4
:10C2F00004D2F02902D1002525700570DFF81CC298
:10C300004FF4FA654A45ACF8005001D2002311E021
:10C31000B3F5E26F10DA03220270B8F90C20F02AAC
:10C3200007D0A2F5E0620F3A06D102228BF8102066
:10C3300002E001238BF81030B94204D0A1F5E0618E
:10C340000F3904D104E003218AF80010217014E1B0
:10C350000421217003218AF800100EE1A1F5E161AA
:10C360000A2971D8734801227D498BF810200327D0
:10C3700007708C4691F906809CF907C0B8F1000F50
:10C380000FD0B8F1010F0ED1BCF1000F03D0BCF1FA
:10C39000010F04D005E002258BF8105006E0FF2EB7
:10C3A0004ED08BF81020BCF1010F4ED0B1F9023005
:10C3B00000EE103AF8EEC01A9FED6A0A81EE801A7C
:10C3C00031EE091A80ED021AB1F9003001EE103A8F
:10C3D000B8EEC11AC1EE001A38EE610A80ED010A0A
:10C3E00090ED010A5B4D10EE103AAB4203DD30EEEA
:10C3F000680A80ED010AB5EEC00AF1EE10FA03D228
:10C4000030EE280A80ED010A534D8368AB4201DD0E
:10C41000C0ED029A514D8368AB4201D980ED02BA5A
:10C420004D7A3E4B5FEA057C03F1040300D51A7098
:10C430005FEAC56C14D54FF0000C83F800C014E01F
:10C4400002258BF81050CBE797E0012EC8D100EE03
:10C45000105AC0F80490B1EE400A80ED020ABFE71E
:10C4600093F800C0BCF1010F0ED027709FED330A86
:10C4700084ED030A097A9FED3C0ADFED3C0ACF0701
:10C4800007D084ED020A0DE004272770C4ED030AEB
:10C49000F0E78F0702D5C4ED020A03E09FED271AEB
:10C4A00084ED021A4F0702D5C4ED010A05E00F071B
:10C4B00001D49FED220A84ED010A9FED2D0A4F065B
:10C4C00001D55A700AE05F78012F07D1D0ED010A3B
:10C4D000002770EE800AC0ED010A5F70090601D5E1
:10C4E0009A700AE09978012907D1D0ED010A30EE5F
:10C4F000C00A80ED010A00209870280603D507497C
:10C500004FF4FA600880680603D504484FF47A7146
:10C510000180024801882DE04A3400204E030020AB
:10C52000240F002000401C46F0090020C80900200C
:10C530000000B4430C0A0020A00D00200000000001
:10C5400000401CC692CB7F48BF7D4DBF0AD7A33D9C
:10C55000550300200000B44300007041000070C18A
:10C56000AF3D00200000C8420060EA460060EAC615
:10C5700000003442DAF800004163012E08D00020A8
:10C58000607007480088B0F57A7F03D0012002E090
:10C590000120F5E70020A070BDEC088BBDE8F09FFE
:10C5A0004E03002030B5DDE9034580E81E00002180
:10C5B00001740222427480ED050AC0ED060A41773B
:10C5C000017780F8245030BD70B504462DED028B04
:10C5D0000025007C9FED428A052832D2DFE800F07A
:10C5E0000317344B61006068F5F7F1FAA068F5F7BE
:10C5F000EEFAB0EE480A6068F5F7F6FCB0EE480ACD
:10C60000A068F5F7F1FCE068F5F7DEFA17E060687E
:10C61000F5F7DDFAA068F5F7DAFAE068F5F7D7FA8A
:10C6200094ED050A6068F5F7DFFC94ED050AA06853
:10C63000F5F7DAFCB0EE480AE068F5F7D5FC657767
:10C640002577BDEC028B70BD6068F5F7C0FAA06875
:10C65000F5F7BDFAE068F5F7BAFA94ED050A6068F7
:10C66000F5F7C2FC94ED050AA068F5F7BDFC20467D
:10C6700000F038F812E06068F5F7A9FAA068F5F75D
:10C68000A6FAE068F5F7A3FAB0EE480A6068F5F795
:10C69000ABFCB0EE480AA068F5F7A6FC94ED060ADC
:10C6A00016E06068F5F793FAA068F5F790FAE0688D
:10C6B000F5F78DFAB0EE480A6068F5F795FCB0EE34
:10C6C000480AA068F5F790FC94ED060AB1EE400A1E
:10C6D000E068BDEC028BBDE87040F5F785BC00005A
:10C6E0000000000070B504462DED028B94F8241074
:10C6F000008C494200EB8100618C9FED2F0A88423B
:10C7000052DB607C0025022802D0012836D049E0A7
:10C7100094ED060AE068F5F767FC607F642802D2B2
:10C72000401C607720E0E66896ED020AB0EEC00A91
:10C7300010EE100AF4F72EFC9FED201B53EC112B8A
:10C74000F4F78CFB96ED040A41EC180BB0EEC00A2E
:10C7500010EE100AF4F71EFC53EC182BF4F72EFC25
:10C760000AD2207F401C2077207F642801D301203B
:10C770006074BDEC028B70BD2577FAE7A07F32288C
:10C780000AD294ED060AE068B1EE400AF5F72CFCF7
:10C79000A07F401CA077ECE7E068F5F725FC0220BD
:10C7A00060746577A577E7E7E068BDEC028BBDE8CC
:10C7B0007040F5F719BC00000000000000000040C8
:10C7C0003333D33F10B500EE100A2DED028BB1EEDE
:10C7D000C08A18EE100A20F00040C0F1FF40C00FE0
:10C7E0000AD010EE100A20F00040C0F1FF40C00F48
:10C7F00004BF0120FEF704FB18EE100ABDEC028B0B
:10C8000010BD000002490A7810440870704700000B
:10C810000000002010B50448F8F7FCF8BDE810400F
:10C8200008210148F8F7CCBB6C0F00200C4A0D49D9
:10C83000107810B14B889B1C4B804B88B3F5AF7FB1
:10C8400004D900234B80401E107005E0AF2B03D9A4
:10C8500008210548F8F750BB08210348F8F7B0BB9A
:10C86000000000204E0300206C0F002030B50C4665
:10C87000050014D0022C12D90A48A11E02882846AD
:10C88000FEF776FF2919C2B211F8023C9A4206D18E
:10C8900011F8011CB1EB102F01D1012030BD002097
:10C8A00030BD00005A03002030B50C4605000CD006
:10C8B000022C0AD9FF22611EFEF770FF291911F818
:10C8C000011C814201D1012030BD002030BD000695
:10C8D0001016000610160000000000000000010203
:10C8E0000304060708090000000001020304000019
:10C8F0000000803F00000000000000000000000079
:10C900000000803F00000000000000000000000068
:10C910000000803F0000000000000000C3F51C4143
:10C920000000803F00000000000000000000000048
:10C930000000000000000000000000000000803F38
:10C9400000000000000000000000000000000000E7
:10C9500000000000000000000000803F0000000018
:10C9600000000000000000000000000000000000C7
:10C97000000000000000803F0000000000000000F8
:10C9800000000000000000000000000000000000A7
:10C990000000803F000000000000000000000000D8
:10C9A0000000000000000000000000000000803FC8
:10C9B000005EBCE2613FDD83C29C7E20A3FD1F417F
:10C9C0009DC3217FFCA2401E5F01E3BD3E6082DC6F
:10C9D000237D9FC1421CFEA0E1BF5D0380DE3C625F
:10C9E000BEE0025CDF81633D7C22C09E1D43A1FF4F
:10C9F0004618FAA427799BC584DA3866E5BB59073F
:10CA0000DB856739BAE406581947A5FB7826C49A2E
:10CA1000653BD987045AB8E6A7F91B45C6987A241E
:10CA2000F8A6441A99C7257B3A6486D85B05E7B90E
:10CA30008CD2306EEDB3510F4E10F2AC2F7193CDFE
:10CA4000114FADF3702ECC92D38D6F31B2EC0E50EE
:10CA5000AFF1134DCE90722C6D33D18F0C52B0EEDE
:10CA6000326C8ED0530DEFB1F0AE4C1291CF2D73CE
:10CA7000CA947628ABF517490856B4EA6937D58BBE
:10CA80005709EBB536688AD495CB2977F4AA4816AE
:10CA9000E9B7550B88D6346A2B7597C94A14F6A89E
:10CAA000742AC896154BA9F7B6E80A54D7896B358E
:10CAB0000000891112239B322446AD573665BF749E
:10CAC000488CC19D5AAFD3BE6CCAE5DB7EE9F7F84E
:10CAD0008110080193331A22A5562C47B7753E647E
:10CAE000C99C408DDBBF52AEEDDA64CBFFF976E82E
:10CAF00002218B30100299132667AF763444BD555E
:10CB00004AADC3BC588ED19F6EEBE7FA7CC8F5D90D
:10CB100083310A2091121803A7772E66B5543C453D
:10CB2000CBBD42ACD99E508FEFFB66EAFDD874C9ED
:10CB300004428D5316619F702004A9153227BB361D
:10CB40004CCEC5DF5EEDD7FC6888E1997AABF3BACD
:10CB500085520C4397711E60A1142805B3373A26FD
:10CB6000CDDE44CFDFFD56ECE9986089FBBB72AAAD
:10CB700006638F7214409D512225AB343006B917DD
:10CB80004EEFC7FE5CCCD5DD6AA9E3B8788AF19B8D
:10CB900087730E6295501C41A3352A24B1163807BD
:10CBA000CFFF46EEDDDC54CDEBB962A8F99A708B6D
:10CBB000088481951AA793B62CC2A5D33EE1B7F09D
:10CBC0004008C919522BDB3A644EED5F766DFF7C4D
:10CBD000899400859BB712A6ADD224C3BFF136E07D
:10CBE000C1184809D33B5A2AE55E6C4FF77D7E6C2D
:10CBF0000AA583B4188691972EE3A7F23CC0B5D15D
:10CC00004229CB38500AD91B666FEF7E744CFD5D0C
:10CC10008BB502A499961087AFF326E2BDD034C13C
:10CC2000C3394A28D11A580BE77F6E6EF55C7C4DEC
:10CC30000CC685D71EE597F42880A1913AA3B3B21C
:10CC4000444ACD5B5669DF78600CE91D722FFB3ECC
:10CC50008DD604C79FF516E4A9902081BBB332A2FC
:10CC6000C55A4C4BD7795E68E11C680DF33F7A2EAC
:10CC70000EE787F61CC495D52AA1A3B03882B193DC
:10CC8000466BCF7A5448DD59622DEB3C700EF91F8C
:10CC90008FF706E69DD414C5ABB122A0B9923083BC
:10CCA000C77B4E6AD5585C49E33D6A2CF11E780F6C
:10CCB00000000000920E493CB10AC93C2BC3163D4E
:10CCC0002EFB483D752B7B3D04A9963D80B6AF3DBC
:10CCD00036BDC83D2FBCE13D73B2FA3D87CF093E5A
:10CCE0008340163EB5AB223EA2102F3ECF6E3B3E98
:10CCF000C2C5473E0115543E135C603E7F9A6C3EB0
:10CD0000CCCF783EC07D823E938E883E229A8E3E66
:10CD100032A0943E86A09A3EE59AA03E128FA63E8F
:10CD2000D47CAC3EEF63B23E2A44B83E491DBE3EC1
:10CD300015EFC33E53B9C93ECA7BCF3E4136D53EFF
:10CD400080E8DA3E4F92E03E7533E63EBBCBEB3EE9
:10CD5000EA5AF13ECBE0F63E275DFC3EE4E7003FB9
:10CD60003D9C033F824B063F9BF5083F6B9A0B3F70
:10CD7000DA390E3FCDD3103F2A68133FD9F6153F5D
:10CD8000C07F183FC6021B3FD17F1D3FCBF61F3F20
:10CD90009967223F25D2243F5636273F1594293FD5
:10CDA0004AEB2B3FDE3B2E3FBB85303FC9C8323FAD
:10CDB000F304353F233A373F4268393F3B8F3B3FCF
:10CDC000F9AE3D3F67C73F3F70D8413F01E2433F67
:10CDD00003E4453F65DE473F12D1493FF8BB4B3F77
:10CDE000029F4D3F207A4F3F3D4D513F4918533FE1
:10CDF00031DB543FE595563F5348583F6AF2593F5F
:10CE00001A945B3F532D5D3F05BE5E3F2146603F58
:10CE100097C5613F5A3C633F59AA643F880F663FFC
:10CE2000D86B673F3CBF683FA7096A3F0C4B6B3F1D
:10CE30005E836C3F93B26D3F9ED86E3F73F56F3F3C
:10CE40000809713F5213723F4714733FDD0B743F63
:10CE50000BFA743FC6DE753F07BA763FC58B773F46
:10CE6000F853783F9812793F9DC7793F02737A3F14
:10CE7000BE147B3FCDAC7B3F283B7C3FC9BF7C3F92
:10CE8000AC3A7D3FCCAB7D3F23137E3FB0707E3FFD
:10CE90006DC47E3F580E7F3F6D4E7F3FAB847F3F1A
:10CEA0000FB17F3F97D37F3F43EC7F3F11FB7F3F25
:10CEB0000000803F11FB7F3F43EC7F3F97D37F3FD4
:10CEC0000FB17F3FAB847F3F6D4E7F3F580E7F3F5A
:10CED0006DC47E3FB0707E3F23137E3FCCAB7D3F61
:10CEE000AC3A7D3FC9BF7C3F283B7C3FCDAC7B3F0C
:10CEF000BE147B3F02737A3F9DC7793F9812793FFA
:10CF0000F853783FC58B773F07BA763FC6DE753F4B
:10CF10000BFA743FDD0B743F4714733F5213723F9B
:10CF20000809713F73F56F3F9ED86E3F93B26D3F16
:10CF30005E836C3F0C4B6B3FA7096A3F3CBF683F69
:10CF4000D86B673F880F663F59AA643F5A3C633FDE
:10CF500097C5613F2146603F05BE5E3F532D5D3F53
:10CF60001A945B3F6AF2593F5348583FE595563F44
:10CF700031DB543F4918533F3D4D513F207A4F3FDD
:10CF8000029F4D3FF8BB4B3F12D1493F65DE473F03
:10CF900003E4453F01E2433F70D8413F67C73F3F4D
:10CFA000F9AE3D3F3B8F3B3F4268393F233A373F25
:10CFB000F304353FC9C8323FBB85303FDE3B2E3FCF
:10CFC0004AEB2B3F1594293F5636273F25D2243F65
:10CFD0009967223FCBF61F3FD17F1D3FC6021B3F03
:10CFE000C07F183FD9F6153F2A68133FCDD3103FB5
:10CFF000DA390E3F6B9A0B3F9BF5083F824B063F99
:10D000003D9C033FE4E7003F275DFC3ECBE0F63E5E
:10D01000EA5AF13EBBCBEB3E7533E63E4F92E03E23
:10D0200080E8DA3E4136D53ECA7BCF3E53B9C93E91
:10D0300015EFC33E491DBE3E2A44B83EEF63B23EE3
:10D04000D47CAC3E128FA63EE59AA03E86A09A3EC6
:10D0500032A0943E229A8E3E938E883EC07D823EC0
:10D06000CCCF783E7F9A6C3E135C603E0115543EF7
:10D07000C2C5473ECF6E3B3EA2102F3EB5AB223E0F
:10D080008340163E87CF093E73B2FA3D2FBCE13D87
:10D0900036BDC83D80B6AF3D04A9963D752B7B3D9E
:10D0A0002EFB483D2BC3163DB10AC93C920E493CAC
:10D0B00000000000920E49BCB10AC9BC2BC316BDCA
:10D0C0002EFB48BD752B7BBD04A996BD80B6AFBDB8
:10D0D00036BDC8BD2FBCE1BD73B2FABD87CF09BE56
:10D0E000834016BEB5AB22BEA2102FBECF6E3BBE94
:10D0F000C2C547BE011554BE135C60BE7F9A6CBEAC
:10D10000CCCF78BEC07D82BE938E88BE229A8EBE62
:10D1100032A094BE86A09ABEE59AA0BE128FA6BE8B
:10D12000D47CACBEEF63B2BE2A44B8BE491DBEBEBD
:10D1300015EFC3BE53B9C9BECA7BCFBE4136D5BEFB
:10D1400080E8DABE4F92E0BE7533E6BEBBCBEBBEE5
:10D15000EA5AF1BECBE0F6BE275DFCBEE4E700BFB5
:10D160003D9C03BF824B06BF9BF508BF6B9A0BBF6C
:10D17000DA390EBFCDD310BF2A6813BFD9F615BF59
:10D18000C07F18BFC6021BBFD17F1DBFCBF61FBF1C
:10D19000996722BF25D224BF563627BF159429BFD1
:10D1A0004AEB2BBFDE3B2EBFBB8530BFC9C832BFA9
:10D1B000F30435BF233A37BF426839BF3B8F3BBFCB
:10D1C000F9AE3DBF67C73FBF70D841BF01E243BF63
:10D1D00003E445BF65DE47BF12D149BFF8BB4BBF73
:10D1E000029F4DBF207A4FBF3D4D51BF491853BFDD
:10D1F00031DB54BFE59556BF534858BF6AF259BF5B
:10D200001A945BBF532D5DBF05BE5EBF214660BF54
:10D2100097C561BF5A3C63BF59AA64BF880F66BFF8
:10D22000D86B67BF3CBF68BFA7096ABF0C4B6BBF19
:10D230005E836CBF93B26DBF9ED86EBF73F56FBF38
:10D24000080971BF521372BF471473BFDD0B74BF5F
:10D250000BFA74BFC6DE75BF07BA76BFC58B77BF42
:10D26000F85378BF981279BF9DC779BF02737ABF10
:10D27000BE147BBFCDAC7BBF283B7CBFC9BF7CBF8E
:10D28000AC3A7DBFCCAB7DBF23137EBFB0707EBFF9
:10D290006DC47EBF580E7FBF6D4E7FBFAB847FBF16
:10D2A0000FB17FBF97D37FBF43EC7FBF11FB7FBF21
:10D2B000000080BF11FB7FBF43EC7FBF97D37FBFD0
:10D2C0000FB17FBFAB847FBF6D4E7FBF580E7FBF56
:10D2D0006DC47EBFB0707EBF23137EBFCCAB7DBF5D
:10D2E000AC3A7DBFC9BF7CBF283B7CBFCDAC7BBF08
:10D2F000BE147BBF02737ABF9DC779BF981279BFF6
:10D30000F85378BFC58B77BF07BA76BFC6DE75BF47
:10D310000BFA74BFDD0B74BF471473BF521372BF97
:10D32000080971BF73F56FBF9ED86EBF93B26DBF12
:10D330005E836CBF0C4B6BBFA7096ABF3CBF68BF65
:10D34000D86B67BF880F66BF59AA64BF5A3C63BFDA
:10D3500097C561BF214660BF05BE5EBF532D5DBF4F
:10D360001A945BBF6AF259BF534858BFE59556BF40
:10D3700031DB54BF491853BF3D4D51BF207A4FBFD9
:10D38000029F4DBFF8BB4BBF12D149BF65DE47BFFF
:10D3900003E445BF01E243BF70D841BF67C73FBF49
:10D3A000F9AE3DBF3B8F3BBF426839BF233A37BF21
:10D3B000F30435BFC9C832BFBB8530BFDE3B2EBFCB
:10D3C0004AEB2BBF159429BF563627BF25D224BF61
:10D3D000996722BFCBF61FBFD17F1DBFC6021BBFFF
:10D3E000C07F18BFD9F615BF2A6813BFCDD310BFB1
:10D3F000DA390EBF6B9A0BBF9BF508BF824B06BF95
:10D400003D9C03BFE4E700BF275DFCBECBE0F6BE5A
:10D41000EA5AF1BEBBCBEBBE7533E6BE4F92E0BE1F
:10D4200080E8DABE4136D5BECA7BCFBE53B9C9BE8D
:10D4300015EFC3BE491DBEBE2A44B8BEEF63B2BEDF
:10D44000D47CACBE128FA6BEE59AA0BE86A09ABEC2
:10D4500032A094BE229A8EBE938E88BEC07D82BEBC
:10D46000CCCF78BE7F9A6CBE135C60BE011554BEF3
:10D47000C2C547BECF6E3BBEA2102FBEB5AB22BE0B
:10D48000834016BE87CF09BE73B2FABD2FBCE1BD83
:10D4900036BDC8BD80B6AFBD04A996BD752B7BBD9A
:10D4A0002EFB48BD2BC316BDB10AC9BC920E49BCA8
:10D4B00000000080D4D4000800000020AC0300006D
:10D4C0000412000834D60008AC030020144E0000FB
:10D4D000F0AD000881320182101324F413B5901BC3
:10D4E00008E5041AF1041319911B0845041A950C58
:10D4F0001AC104170403090412011402020216409F
:10D50000830440571D0201020341031A1A0313A5A5
:10D51000161B08A1041A9D041AC9041335174208E2
:10D5200014810182130A0632022A40841C09024334
:10D530004F111DC0320904951A020B130524161051
:10D540000105240110090104240202052406170123
:10D5500007058203081C10090485320A2E070501FD
:10D560000240072A81071113198D14088D8B4C086E
:10D57000B78E64131D8C1408D98A1B084F14C11A66
:10D580009D181A61041ADD041A5504115008401C34
:10D5900046CDCCCC3D2C60EA4604180D9A99993EB4
:10D5A00017B7D1380AD7233CA32A41A81124C0DADF
:10D5B000452A200C4928600C409C453333333FA654
:10D5C0009B443B331644223F4AA02411232042238C
:10D5D00080461A7A182AA0A31149686914C1292C17
:10D5E00001CF2C50C347F009120409531C110B1A28
:10D5F000C8421C3122014370170009103333EB3A43
:10D6000058A08B3A157D04017C100F0240AB0341FA
:10D6100001055308065804070F1608108109111652
:10D620000A15800B1605120C18010DA3E803035010
:04D63000FFFF0000F8
:040000050800018965
:00000001FF
